Player,Season,Team,S/C,Pos,GP,G,A,P,+/-,PIM,P/GP,EVG,EVP,PPG,PPP,SHG,SHP,OTG,GWG,S,S%,TOI/GP,FOW%
Jamie Benn,2014-15,DAL,L,L,82,35,52,87,+1,64,1.06,23,59,10,23,2,5,0,6,253,13.8,19:57,51.7
John Tavares,2014-15,NYI,L,C,82,38,48,86,+5,46,1.05,25,54,13,31,0,1,4,8,278,13.7,20:40,52.2
Sidney Crosby,2014-15,PIT,L,C,77,28,56,84,+5,47,1.09,18,53,10,31,0,0,1,3,237,11.8,19:58,49.9
Alex Ovechkin,2014-15,WSH,R,L,81,53,28,81,+10,58,1.00,28,47,25,34,0,0,0,11,395,13.4,20:20,40.0
Jakub Voracek,2014-15,PHI,L,R,82,22,59,81,+1,78,0.99,11,48,11,33,0,0,2,3,221,10.0,18:36,66.7
Nicklas Backstrom,2014-15,WSH,L,C,82,18,60,78,+5,40,0.95,15,45,3,33,0,0,1,3,153,11.8,20:32,53.6
Tyler Seguin,2014-15,DAL,R,C,71,37,40,77,-1,22,1.08,24,48,13,29,0,0,0,5,280,13.2,19:33,53.8
Jiri Hudler,2014-15,CGY,L,R,78,31,45,76,+17,14,0.97,25,60,6,16,0,0,1,5,158,19.6,18:01,45.7
Daniel Sedin,2014-15,VAN,L,L,82,20,56,76,+5,18,0.93,16,51,4,25,0,0,3,5,226,8.9,18:21,40.0
Vladimir Tarasenko,2014-15,STL,L,R,77,37,36,73,+27,31,0.95,29,55,8,18,0,0,2,6,264,14.0,17:37,0.0
Nick Foligno,2014-15,CBJ,L,L,79,31,42,73,+16,50,0.92,20,47,11,26,0,0,1,3,182,17.0,18:50,47.5
Claude Giroux,2014-15,PHI,R,R,81,25,48,73,-3,36,0.90,11,36,14,37,0,0,2,4,279,9.0,20:34,56.6
Henrik Sedin,2014-15,VAN,L,C,82,18,55,73,+11,22,0.89,13,48,5,25,0,0,0,0,101,17.8,18:37,45.0
Steven Stamkos,2014-15,TBL,R,C,82,43,29,72,+2,49,0.88,30,47,13,25,0,0,0,6,268,16.0,19:22,49.7
Tyler Johnson,2014-15,TBL,R,C,77,29,43,72,+33,24,0.94,21,55,8,17,0,0,2,6,203,14.3,17:14,48.7
Ryan Johansen,2014-15,CBJ,R,C,82,26,45,71,-6,40,0.87,17,43,7,26,2,2,0,0,202,12.9,19:30,52.0
Joe Pavelski,2014-15,SJS,R,C,82,37,33,70,+12,29,0.85,18,39,19,31,0,0,0,5,261,14.2,20:08,56.0
Evgeni Malkin,2014-15,PIT,L,C,69,28,42,70,-2,60,1.01,19,44,9,26,0,0,1,4,212,13.2,18:58,42.7
Ryan Getzlaf,2014-15,ANA,R,C,77,25,45,70,+15,62,0.91,22,55,3,13,0,2,2,6,191,13.1,20:06,50.6
Rick Nash,2014-15,NYR,L,L,79,42,27,69,+29,36,0.87,32,52,6,12,4,5,0,8,304,13.8,17:27,50.0
Max Pacioretty,2014-15,MTL,L,L,80,37,30,67,+38,32,0.84,27,51,7,11,3,5,2,10,302,12.3,19:24,22.2
Logan Couture,2014-15,SJS,L,C,82,27,40,67,-6,12,0.82,19,41,6,24,2,2,0,4,263,10.3,19:04,48.2
Jonathan Toews,2014-15,CHI,L,C,81,28,38,66,+30,36,0.81,20,46,6,17,2,3,1,7,192,14.6,19:34,56.5
Erik Karlsson,2014-15,OTT,R,D,82,21,45,66,+7,42,0.80,15,36,6,30,0,0,1,3,292,7.2,27:15,--
Henrik Zetterberg,2014-15,DET,L,C,77,17,49,66,-6,32,0.86,13,38,4,28,0,0,1,3,227,7.5,19:07,50.9
Nikita Kucherov,2014-15,TBL,L,R,82,29,36,65,+38,37,0.79,27,50,2,15,0,0,0,2,191,15.2,14:57,0.0
Pavel Datsyuk,2014-15,DET,L,C,63,26,39,65,+12,8,1.03,18,41,8,24,0,0,1,5,165,15.8,19:03,53.6
Joe Thornton,2014-15,SJS,L,C,78,16,49,65,-4,30,0.83,12,43,4,22,0,0,0,0,131,12.2,18:25,58.0
Patrick Kane,2014-15,CHI,L,R,61,27,37,64,+10,10,1.05,21,42,6,22,0,0,0,5,186,14.5,19:51,42.9
Mark Stone,2014-15,OTT,R,R,80,26,38,64,+21,14,0.80,20,50,5,13,1,1,2,6,157,16.6,17:01,38.9
Johnny Gaudreau,2014-15,CGY,L,L,80,24,40,64,+11,14,0.80,16,43,8,21,0,0,0,4,167,14.4,17:43,37.5
Kyle Turris,2014-15,OTT,R,C,82,24,40,64,+5,36,0.78,19,47,4,16,1,1,1,6,215,11.2,19:13,50.1
Alexander Steen,2014-15,STL,L,L,74,24,40,64,+8,33,0.86,16,40,8,24,0,0,1,5,223,10.8,19:59,50.4
Anze Kopitar,2014-15,LAK,L,C,79,16,48,64,-2,10,0.81,10,40,6,24,0,0,0,4,134,11.9,19:23,52.6
Radim Vrbata,2014-15,VAN,R,R,79,31,32,63,+6,20,0.80,19,40,12,23,0,0,0,7,267,11.6,16:37,55.6
Jaden Schwartz,2014-15,STL,L,C,75,28,35,63,+13,16,0.84,20,45,8,16,0,2,1,4,184,15.2,18:15,46.6
Filip Forsberg,2014-15,NSH,R,L,82,26,37,63,+15,24,0.77,20,44,6,19,0,0,2,6,237,11.0,17:20,42.9
Jordan Eberle,2014-15,EDM,R,R,81,24,39,63,-16,24,0.78,18,42,6,21,0,0,0,2,183,13.1,19:03,16.7
Ondrej Palat,2014-15,TBL,L,L,75,16,47,63,+31,24,0.84,12,50,3,11,1,2,1,5,139,11.5,17:26,28.6
Zach Parise,2014-15,MIN,L,L,74,33,29,62,+21,41,0.84,22,46,11,16,0,0,0,3,259,12.7,19:11,16.7
Sean Monahan,2014-15,CGY,L,C,81,31,31,62,+8,12,0.77,20,41,10,19,1,2,3,8,191,16.2,19:37,49.3
Jeff Carter,2014-15,LAK,R,C,82,28,34,62,+7,28,0.76,17,45,10,15,1,2,0,5,218,12.8,17:58,52.6
Andrew Ladd,2014-15,WPG,L,L,81,24,38,62,+9,72,0.77,15,42,9,19,0,1,1,6,224,10.7,20:04,35.0
Jason Spezza,2014-15,DAL,R,C,82,17,45,62,-7,28,0.76,13,36,4,26,0,0,0,1,204,8.3,17:13,54.0
Mike Ribeiro,2014-15,NSH,L,C,82,15,47,62,+11,62,0.76,14,50,1,12,0,0,0,3,96,15.6,18:45,43.2
Blake Wheeler,2014-15,WPG,R,R,79,26,35,61,+26,73,0.77,20,44,2,12,4,5,0,6,244,10.7,19:40,45.8
Phil Kessel,2014-15,TOR,R,R,82,25,36,61,-34,30,0.74,17,36,8,25,0,0,1,4,280,8.9,18:48,40.0
Marian Hossa,2014-15,CHI,L,R,82,22,39,61,+17,32,0.74,15,43,6,17,1,1,0,2,247,8.9,18:33,57.1
Scott Hartnell,2014-15,CBJ,L,L,77,28,32,60,+1,100,0.78,20,44,8,16,0,0,0,2,204,13.7,17:18,50.0
Tomas Plekanec,2014-15,MTL,L,C,82,26,34,60,+8,46,0.73,16,40,7,16,3,4,0,5,248,10.5,19:09,49.9
Derick Brassard,2014-15,NYR,L,C,80,19,41,60,+9,34,0.75,13,42,6,18,0,0,2,3,168,11.3,17:24,48.8
Brent Burns,2014-15,SJS,R,D,82,17,43,60,-9,65,0.73,10,36,7,24,0,0,1,2,245,6.9,23:57,--
P.K. Subban,2014-15,MTL,R,D,82,15,45,60,+21,74,0.73,7,39,8,21,0,0,1,5,170,8.8,26:12,--
Jarome Iginla,2014-15,COL,R,R,82,29,30,59,0,42,0.72,21,46,8,13,0,0,0,2,189,15.3,18:08,44.5
Gabriel Landeskog,2014-15,COL,L,L,82,23,36,59,-2,79,0.72,15,42,8,17,0,0,0,2,214,10.8,18:30,35.6
David Backes,2014-15,STL,R,R,80,26,32,58,+7,104,0.73,16,42,10,16,0,0,0,3,183,14.2,18:38,54.6
Patrick Marleau,2014-15,SJS,L,C,82,19,38,57,-17,12,0.70,12,33,7,24,0,0,0,4,233,8.2,19:35,48.0
Tomas Tatar,2014-15,DET,L,L,82,29,27,56,+6,28,0.68,20,37,9,19,0,0,0,7,211,13.7,16:13,50.0
James van Riemsdyk,2014-15,TOR,L,L,82,27,29,56,-33,43,0.68,17,36,9,19,1,1,1,4,248,10.9,19:05,38.9
Ryan Nugent-Hopkins,2014-15,EDM,L,C,76,24,32,56,-12,25,0.74,22,41,2,14,0,1,1,2,189,12.7,20:38,45.7
Dennis Wideman,2014-15,CGY,R,D,80,15,41,56,+6,34,0.70,9,35,6,21,0,0,1,2,173,8.7,24:39,--
Corey Perry,2014-15,ANA,R,R,67,33,22,55,+13,67,0.82,29,48,4,7,0,0,1,3,193,17.1,18:06,25.0
Patrice Bergeron,2014-15,BOS,R,C,81,23,32,55,+2,44,0.68,18,39,4,14,1,2,1,4,234,9.8,18:08,60.2
Alex Tanguay,2014-15,COL,L,L,80,22,33,55,-1,40,0.69,19,40,2,14,1,1,0,4,104,21.2,18:10,42.9
Matt Duchene,2014-15,COL,L,C,82,21,34,55,+3,16,0.67,19,48,2,7,0,0,0,4,207,10.1,18:34,52.2
T.J. Oshie,2014-15,STL,R,R,72,19,36,55,+17,51,0.76,16,42,3,13,0,0,1,4,162,11.7,18:50,23.1
Ryan O'Reilly,2014-15,COL,L,C,82,17,38,55,-5,12,0.67,14,41,2,12,1,2,1,1,171,9.9,19:43,53.5
Derek Stepan,2014-15,NYR,R,C,68,16,39,55,+26,22,0.81,11,40,3,10,2,5,1,3,155,10.3,18:11,44.1
Roman Josi,2014-15,NSH,L,D,81,15,40,55,+15,26,0.68,12,37,3,15,0,3,1,4,201,7.5,26:28,0.0
John Carlson,2014-15,WSH,R,D,82,12,43,55,+11,28,0.67,8,38,3,16,1,1,0,3,193,6.2,23:04,--
Gustav Nyquist,2014-15,DET,L,C,82,27,27,54,-11,26,0.66,13,30,14,24,0,0,1,4,195,13.9,16:39,11.1
Ryan Callahan,2014-15,TBL,R,R,77,24,30,54,+9,41,0.70,14,38,10,16,0,0,0,4,191,12.6,17:44,48.4
Eric Staal,2014-15,CAR,L,C,77,23,31,54,-13,41,0.70,16,37,7,17,0,0,0,4,244,9.4,18:51,51.3
Bobby Ryan,2014-15,OTT,R,R,78,18,36,54,+5,24,0.69,14,40,4,14,0,0,1,5,221,8.1,17:28,36.4
Jason Pominville,2014-15,MIN,R,R,82,18,36,54,+9,8,0.66,15,40,3,14,0,0,0,4,252,7.1,18:17,44.8
Jonathan Huberdeau,2014-15,FLA,L,C,79,15,39,54,+10,38,0.68,15,42,0,12,0,0,0,0,169,8.9,16:45,25.0
Kris Letang,2014-15,PIT,R,D,69,11,43,54,+12,79,0.78,8,29,2,24,1,1,0,1,197,5.6,25:29,0.0
Tyson Barrie,2014-15,COL,R,D,80,12,41,53,+5,26,0.66,10,37,2,16,0,0,0,0,139,8.6,21:22,--
Bryan Little,2014-15,WPG,R,C,70,24,28,52,+8,24,0.74,14,33,9,18,1,1,1,3,148,16.2,19:55,49.1
Brandon Saad,2014-15,CHI,L,L,82,23,29,52,+7,12,0.63,21,42,2,10,0,0,1,6,203,11.3,17:15,43.2
Thomas Vanek,2014-15,MIN,R,L,80,21,31,52,-6,37,0.65,16,35,5,17,0,0,0,2,171,12.3,16:13,50.0
Martin St. Louis,2014-15,NYR,L,R,74,21,31,52,+12,20,0.70,16,39,5,13,0,0,0,1,144,14.6,17:34,46.4
Mark Streit,2014-15,PHI,L,D,81,9,43,52,-8,36,0.64,5,22,4,30,0,0,0,0,144,6.3,22:22,--
Keith Yandle,2014-15,"ARI,NYR",L,D,84,6,46,52,-26,40,0.62,4,23,2,29,0,0,0,2,232,2.6,22:55,--
Patric Hornqvist,2014-15,PIT,R,R,64,25,26,51,+12,38,0.80,19,36,6,15,0,0,1,4,220,11.4,17:39,28.6
Kyle Okposo,2014-15,NYI,R,R,60,18,33,51,-8,12,0.85,12,33,6,18,0,0,0,2,195,9.2,19:33,49.7
Wayne Simmonds,2014-15,PHI,R,R,75,28,22,50,-5,66,0.67,14,26,14,24,0,0,0,6,188,14.9,16:48,80.0
Ryan Strome,2014-15,NYI,R,C,81,17,33,50,+23,47,0.62,15,41,1,8,1,1,0,2,179,9.5,15:24,46.7
Andrei Markov,2014-15,MTL,L,D,81,10,40,50,+22,38,0.62,6,24,4,25,0,1,0,1,135,7.4,24:55,--
Tyler Toffoli,2014-15,LAK,R,R,76,23,26,49,+25,37,0.64,15,38,3,5,5,6,0,3,200,11.5,14:35,44.4
Tyler Bozak,2014-15,TOR,R,C,82,23,26,49,-34,44,0.60,9,29,12,18,2,2,0,3,154,14.9,19:09,53.2
Mark Scheifele,2014-15,WPG,R,C,82,15,34,49,+11,24,0.60,12,36,3,13,0,0,0,2,170,8.8,18:35,42.9
Justin Faulk,2014-15,CAR,R,D,82,15,34,49,-19,30,0.60,6,27,7,20,2,2,0,4,238,6.3,24:26,--
Mats Zuccarello,2014-15,NYR,L,R,78,15,34,49,+17,45,0.63,15,43,0,6,0,0,0,3,154,9.7,17:16,43.2
Mike Hoffman,2014-15,OTT,L,C,79,27,21,48,+16,14,0.61,26,45,1,3,0,0,1,4,199,13.6,14:33,50.0
David Desharnais,2014-15,MTL,L,C,82,14,34,48,+22,24,0.59,12,37,2,11,0,0,2,4,90,15.6,17:15,52.9
Mikko Koivu,2014-15,MIN,L,C,80,14,34,48,+2,38,0.60,10,33,4,15,0,0,1,4,179,7.8,19:16,55.2
Valtteri Filppula,2014-15,TBL,L,C,82,12,36,48,-14,24,0.59,10,31,2,17,0,0,0,0,91,13.2,19:01,52.4
Mark Giordano,2014-15,CGY,L,D,61,11,37,48,+13,37,0.79,8,33,2,14,1,1,1,2,157,7.0,25:10,--
Marian Gaborik,2014-15,LAK,L,R,69,27,20,47,+7,16,0.68,16,29,11,18,0,0,0,2,174,15.5,16:55,100.0
Brendan Gallagher,2014-15,MTL,R,R,82,24,23,47,+18,31,0.57,21,39,3,8,0,0,0,6,254,9.5,16:35,43.4
Loui Eriksson,2014-15,BOS,L,L,81,22,25,47,+1,14,0.58,16,35,6,11,0,1,2,4,169,13.0,18:29,33.3
Marcus Johansson,2014-15,WSH,L,L,82,20,27,47,+6,10,0.57,17,32,3,15,0,0,0,1,138,14.5,16:29,43.8
Ryan Kesler,2014-15,ANA,R,C,81,20,27,47,-5,75,0.58,14,33,5,11,1,3,2,4,205,9.8,19:31,56.3
Brayden Schenn,2014-15,PHI,L,C,82,18,29,47,-5,34,0.57,11,28,7,19,0,0,1,6,156,11.5,17:05,46.7
Jaromir Jagr,2014-15,"NJD,FLA",L,R,77,17,30,47,-3,48,0.61,13,36,4,11,0,0,1,5,169,10.1,17:34,100.0
Chris Kreider,2014-15,NYR,L,L,80,21,25,46,+24,88,0.58,14,38,7,8,0,0,0,5,180,11.7,15:43,42.9
Alex Galchenyuk,2014-15,MTL,L,C,80,20,26,46,+8,39,0.58,17,34,3,12,0,0,0,1,163,12.3,16:26,47.1
Mika Zibanejad,2014-15,OTT,R,C,80,20,26,46,0,20,0.58,16,32,4,14,0,0,0,0,150,13.3,16:26,48.8
Tyler Ennis,2014-15,BUF,L,R,78,20,26,46,-19,37,0.59,13,28,6,17,1,1,0,2,185,10.8,19:07,36.6
Paul Stastny,2014-15,STL,L,C,74,16,30,46,+5,40,0.62,9,31,7,15,0,0,0,7,143,11.2,17:38,57.9
Alex Pietrangelo,2014-15,STL,R,D,81,7,39,46,-2,28,0.57,6,34,1,12,0,0,0,2,195,3.6,25:25,--
Drew Doughty,2014-15,LAK,R,D,82,7,39,46,+3,56,0.56,6,28,1,17,0,1,0,2,219,3.2,29:00,0.0
Dustin Byfuglien,2014-15,WPG,R,D,69,18,27,45,+5,124,0.65,13,27,5,17,0,1,1,3,209,8.6,22:41,0.0
Kevin Hayes,2014-15,NYR,L,R,79,17,28,45,+15,22,0.57,15,39,1,5,1,1,0,1,111,15.3,13:02,36.3
Shea Weber,2014-15,NSH,R,D,78,15,30,45,+15,72,0.58,9,29,5,15,1,1,1,2,237,6.3,26:22,--
Mike Green,2014-15,WSH,R,D,72,10,35,45,+15,34,0.63,9,28,1,17,0,0,0,2,159,6.3,19:06,--
Duncan Keith,2014-15,CHI,L,D,80,10,35,45,+12,20,0.56,7,28,3,16,0,1,0,2,171,5.9,25:34,--
Craig Smith,2014-15,NSH,R,C,82,23,21,44,+11,44,0.54,17,35,6,9,0,0,1,4,252,9.1,15:44,40.0
Justin Abdelkader,2014-15,DET,L,L,71,23,21,44,+3,72,0.62,15,30,8,14,0,0,2,5,154,14.9,17:55,46.7
Milan Lucic,2014-15,BOS,L,L,81,18,26,44,+13,81,0.54,16,36,2,8,0,0,0,4,141,12.8,16:21,44.7
Jori Lehtera,2014-15,STL,L,C,75,14,30,44,+21,48,0.59,11,35,2,7,1,2,0,2,103,13.6,16:13,51.2
Carl Soderberg,2014-15,BOS,L,C,82,13,31,44,+10,26,0.54,8,36,5,8,0,0,0,3,163,8.0,16:49,48.2
Niklas Kronwall,2014-15,DET,L,D,80,9,35,44,-4,40,0.55,6,21,3,23,0,0,1,1,101,8.9,23:50,100.0
Kevin Shattenkirk,2014-15,STL,R,D,56,8,36,44,+19,52,0.79,4,19,4,25,0,0,0,1,135,5.9,22:34,--
Jussi Jokinen,2014-15,FLA,L,L,81,8,36,44,-2,34,0.54,6,35,2,9,0,0,0,0,134,6.0,16:44,50.4
Nick Bjugstad,2014-15,FLA,R,C,72,24,19,43,-7,38,0.60,17,31,7,12,0,0,0,3,207,11.6,16:35,48.9
Oliver Ekman-Larsson,2014-15,ARI,L,D,82,23,20,43,-18,40,0.52,12,22,10,20,1,1,3,7,264,8.7,25:13,--
Troy Brouwer,2014-15,WSH,R,R,82,21,22,43,+11,53,0.52,11,27,8,14,2,2,0,3,145,14.5,17:31,56.9
Drew Stafford,2014-15,"BUF,WPG",R,R,76,18,25,43,-12,47,0.57,14,33,4,9,0,1,0,1,147,12.2,16:30,49.4
Adam Henrique,2014-15,NJD,L,C,75,16,27,43,-6,34,0.57,11,26,5,16,0,1,0,3,127,12.6,17:45,52.0
Patrick Sharp,2014-15,CHI,R,L,68,16,27,43,-8,33,0.63,8,29,8,14,0,0,1,2,230,7.0,16:49,49.1
Frans Nielsen,2014-15,NYI,L,C,78,14,29,43,+8,12,0.55,9,22,4,18,1,3,0,4,157,8.9,16:35,48.2
Michael Cammalleri,2014-15,NJD,L,L,68,27,15,42,+2,28,0.62,16,29,9,11,2,2,0,8,156,17.3,18:20,42.2
Brad Marchand,2014-15,BOS,L,L,77,24,18,42,+5,95,0.55,20,37,2,2,2,3,3,5,180,13.3,16:54,39.4
Brock Nelson,2014-15,NYI,L,C,82,20,22,42,+6,24,0.51,10,27,10,15,0,0,0,3,190,10.5,15:53,44.3
Colin Wilson,2014-15,NSH,L,C,77,20,22,42,+19,22,0.55,17,35,3,7,0,0,0,5,172,11.6,16:13,39.9
Michael Frolik,2014-15,WPG,L,R,82,19,23,42,+4,18,0.51,13,32,3,7,3,3,0,4,206,9.2,17:30,34.2
Dougie Hamilton,2014-15,BOS,R,D,72,10,32,42,-3,41,0.58,5,27,5,15,0,0,1,2,188,5.3,21:20,--
Anders Lee,2014-15,NYI,L,L,76,25,16,41,+9,33,0.54,20,35,5,6,0,0,0,6,197,12.7,14:24,100.0
Mathieu Perreault,2014-15,WPG,L,C,62,18,23,41,+7,38,0.66,13,29,5,12,0,0,1,2,129,14.0,16:15,51.6
Justin Williams,2014-15,LAK,R,R,81,18,23,41,+8,29,0.51,14,28,4,13,0,0,0,2,174,10.3,15:49,50.0
David Perron,2014-15,"EDM,PIT",R,L,81,17,24,41,-25,62,0.51,14,32,3,9,0,0,0,2,196,8.7,17:20,25.0
Josh Bailey,2014-15,NYI,L,R,70,15,26,41,+3,12,0.59,13,37,2,4,0,0,0,1,140,10.7,16:47,45.5
Sam Gagner,2014-15,ARI,R,C,81,15,26,41,-28,28,0.51,9,29,6,12,0,0,1,1,183,8.2,17:15,46.8
Matt Moulson,2014-15,BUF,L,L,77,13,28,41,-11,4,0.53,10,30,3,11,0,0,0,2,156,8.3,17:41,59.1
TJ Brodie,2014-15,CGY,L,D,81,11,30,41,+15,30,0.51,7,29,3,9,1,3,1,3,133,8.3,25:12,--
Jake Muzzin,2014-15,LAK,L,D,76,10,31,41,-4,22,0.54,6,26,4,14,0,1,0,3,173,5.8,22:42,--
Cam Atkinson,2014-15,CBJ,R,R,78,22,18,40,-2,22,0.51,14,29,7,10,1,1,0,7,212,10.4,16:59,44.4
Cody Eakin,2014-15,DAL,L,C,78,19,21,40,-1,26,0.51,15,33,2,4,2,3,2,6,142,13.4,17:12,50.8
Chris Kunitz,2014-15,PIT,L,L,74,17,23,40,+2,56,0.54,7,23,9,16,1,1,0,5,170,10.0,17:53,53.9
Reilly Smith,2014-15,BOS,L,R,81,13,27,40,+7,20,0.49,12,29,1,11,0,0,0,0,143,9.1,15:24,25.0
John Klingberg,2014-15,DAL,R,D,65,11,29,40,+5,32,0.62,9,28,2,12,0,0,1,3,98,11.2,21:50,--
Jack Johnson,2014-15,CBJ,L,D,79,8,32,40,-13,44,0.51,5,19,3,21,0,0,1,1,141,5.7,24:10,--
Erik Cole,2014-15,"DAL,DET",L,L,68,21,18,39,+2,14,0.57,17,29,3,9,1,1,0,0,122,17.2,14:33,31.3
Mike Fisher,2014-15,NSH,R,C,59,19,20,39,+4,39,0.66,11,28,7,10,1,1,0,1,111,17.1,18:26,52.3
Nazem Kadri,2014-15,TOR,L,C,73,18,21,39,-7,28,0.53,14,31,3,7,1,1,0,1,176,10.2,17:36,46.2
Elias Lindholm,2014-15,CAR,R,C,81,17,22,39,-23,14,0.48,13,24,4,15,0,0,1,4,170,10.0,16:25,52.3
Nick Bonino,2014-15,VAN,L,C,75,15,24,39,+7,22,0.52,14,34,1,5,0,0,0,6,149,10.1,16:55,47.4
Jakob Silfverberg,2014-15,ANA,R,R,81,13,26,39,+15,24,0.48,10,32,2,4,1,3,0,2,189,6.9,15:40,46.0
Aaron Ekblad,2014-15,FLA,R,D,81,12,27,39,+12,32,0.48,6,26,6,13,0,0,0,4,170,7.1,21:49,--
Torey Krug,2014-15,BOS,L,D,78,12,27,39,+13,20,0.50,10,25,2,14,0,0,0,0,205,5.9,19:36,--
Anton Stralman,2014-15,TBL,R,D,82,9,30,39,+22,26,0.48,7,25,2,14,0,0,0,0,138,6.5,21:57,--
Mikael Granlund,2014-15,MIN,L,C,68,8,31,39,+17,20,0.57,8,31,0,8,0,0,0,2,99,8.1,17:54,48.4
Trevor Daley,2014-15,DAL,L,D,68,16,22,38,-13,34,0.56,8,24,6,12,2,2,0,2,113,14.2,22:53,--
Alex Killorn,2014-15,TBL,L,L,71,15,23,38,+8,36,0.54,13,34,1,3,1,1,0,5,130,11.5,16:56,43.8
Nathan MacKinnon,2014-15,COL,R,C,64,14,24,38,-7,34,0.59,11,31,3,7,0,0,0,2,192,7.3,17:03,47.0
Taylor Hall,2014-15,EDM,L,L,53,14,24,38,-1,40,0.72,11,32,3,6,0,0,0,0,158,8.9,19:13,45.9
Brad Boyes,2014-15,FLA,R,R,78,14,24,38,+11,20,0.49,9,29,5,9,0,0,1,4,151,9.3,15:39,56.1
Antoine Vermette,2014-15,"ARI,CHI",L,C,82,13,25,38,-25,40,0.46,7,24,6,14,0,0,0,1,109,11.9,17:51,55.3
Victor Hedman,2014-15,TBL,L,D,59,10,28,38,+12,40,0.64,7,27,3,11,0,0,1,2,115,8.7,22:41,--
Ryan Suter,2014-15,MIN,L,D,77,2,36,38,+7,48,0.49,1,26,1,11,0,1,0,1,150,1.3,29:04,--
Nino Niederreiter,2014-15,MIN,L,R,80,24,13,37,+2,28,0.46,17,28,6,8,1,1,0,5,149,16.1,14:33,28.6
James Neal,2014-15,NSH,L,L,67,23,14,37,+12,57,0.55,20,33,3,4,0,0,2,6,221,10.4,18:05,41.2
Sean Couturier,2014-15,PHI,L,C,82,15,22,37,+4,28,0.45,13,29,1,6,1,2,0,0,148,10.1,18:23,48.4
Sami Vatanen,2014-15,ANA,R,D,67,12,25,37,+5,36,0.55,4,19,7,17,1,1,0,1,122,9.8,21:28,50.0
Brad Richards,2014-15,CHI,L,C,76,12,25,37,+3,12,0.49,10,30,2,7,0,0,0,3,199,6.0,14:53,48.4
Evgeny Kuznetsov,2014-15,WSH,L,C,80,11,26,37,+10,24,0.46,7,24,4,13,0,0,1,1,127,8.7,13:20,44.6
Nick Leddy,2014-15,NYI,L,D,78,10,27,37,+18,14,0.47,9,24,1,12,0,1,0,1,120,8.3,20:22,--
Aleksander Barkov,2014-15,FLA,L,C,71,16,20,36,-4,16,0.51,13,29,3,7,0,0,0,3,123,13.0,17:30,46.1
Clarke MacArthur,2014-15,OTT,L,L,62,16,20,36,-6,36,0.58,10,26,6,10,0,0,0,5,140,11.4,17:00,36.4
Tommy Wingels,2014-15,SJS,R,C,75,15,21,36,-7,40,0.48,10,25,4,10,1,1,0,1,158,9.5,16:28,45.5
Chris Stewart,2014-15,"BUF,MIN",R,R,81,14,22,36,-26,88,0.44,9,26,5,10,0,0,0,0,155,9.0,15:53,24.4
Shane Doan,2014-15,ARI,R,R,79,14,22,36,-29,65,0.46,9,26,5,10,0,0,0,0,189,7.4,18:53,27.3
Riley Sheahan,2014-15,DET,L,C,79,13,23,36,-3,16,0.46,8,25,5,11,0,0,0,0,123,10.6,15:39,49.9
Brandon Dubinsky,2014-15,CBJ,L,C,47,13,23,36,+11,43,0.77,12,28,0,7,1,1,0,1,100,13.0,18:04,50.8
Chris Higgins,2014-15,VAN,L,L,77,12,24,36,+8,16,0.47,9,31,3,5,0,0,0,1,171,7.0,15:47,33.3
David Savard,2014-15,CBJ,R,D,82,11,25,36,0,71,0.44,8,26,3,10,0,0,0,3,112,9.8,22:57,100.0
Cody Franson,2014-15,"TOR,NSH",R,D,78,7,29,36,-7,28,0.46,2,19,5,17,0,0,0,0,127,5.5,19:38,--
Alex Goligoski,2014-15,DAL,L,D,81,4,32,36,0,24,0.44,4,26,0,8,0,2,0,0,122,3.3,23:49,--
Jimmy Hayes,2014-15,FLA,R,R,72,19,16,35,-4,20,0.49,15,24,4,11,0,0,0,3,166,11.5,15:09,44.4
Carl Hagelin,2014-15,NYR,L,L,82,17,18,35,+18,46,0.43,16,33,1,1,0,1,1,4,185,9.2,15:14,35.3
Curtis Glencross,2014-15,"CGY,WSH",L,L,71,13,22,35,+2,45,0.49,9,24,4,11,0,0,0,1,108,12.0,15:39,44.4
Brian Gionta,2014-15,BUF,R,R,69,13,22,35,-13,18,0.51,9,25,3,9,1,1,0,2,153,8.5,18:03,40.8
Charlie Coyle,2014-15,MIN,R,C,82,11,24,35,+13,39,0.43,10,32,1,3,0,0,0,4,120,9.2,14:33,46.5
Johnny Boychuk,2014-15,NYI,R,D,72,9,26,35,+15,14,0.49,4,19,5,15,0,1,1,1,192,4.7,21:41,100.0
Benoit Pouliot,2014-15,EDM,L,L,58,19,15,34,-1,28,0.59,14,26,4,7,1,1,0,3,105,18.1,16:37,38.2
Joel Ward,2014-15,WSH,R,R,82,19,15,34,-4,30,0.41,13,23,6,11,0,0,1,4,138,13.8,16:52,47.2
Lance Bouma,2014-15,CGY,L,L,78,16,18,34,+10,54,0.44,16,32,0,1,0,1,0,4,104,15.4,14:01,39.2
Kris Versteeg,2014-15,CHI,R,R,61,14,20,34,+11,35,0.56,12,29,2,5,0,0,0,1,134,10.5,15:51,31.3
Milan Michalek,2014-15,OTT,L,L,66,13,21,34,+3,33,0.52,7,23,5,10,1,1,0,1,130,10.0,16:22,47.8
Patrik Elias,2014-15,NJD,L,C,69,13,21,34,-20,12,0.49,8,23,5,9,0,2,0,1,114,11.4,17:39,39.1
Teddy Purcell,2014-15,EDM,R,L,82,12,22,34,-33,24,0.41,7,22,5,12,0,0,0,0,146,8.2,17:10,57.1
Pat Maroon,2014-15,ANA,L,L,71,9,25,34,-5,82,0.48,8,27,1,7,0,0,0,1,120,7.5,14:17,33.3
Daniel Winnik,2014-15,"TOR,PIT",L,L,79,9,25,34,+23,27,0.43,9,33,0,0,0,1,0,1,97,9.3,16:39,46.9
James Wisniewski,2014-15,"CBJ,ANA",R,D,69,8,26,34,-13,44,0.49,1,19,7,15,0,0,0,2,147,5.4,21:11,--
Hampus Lindholm,2014-15,ANA,L,D,78,7,27,34,+25,32,0.44,7,28,0,6,0,0,0,1,107,6.5,21:46,0.0
Cam Fowler,2014-15,ANA,L,D,80,7,27,34,+4,14,0.43,5,23,1,9,1,2,1,2,87,8.1,21:09,--
Marek Zidlicky,2014-15,"NJD,DET",R,D,84,7,27,34,-9,56,0.40,1,14,6,20,0,0,1,1,130,5.4,20:57,0.0
Scott Gomez,2014-15,NJD,L,C,58,7,27,34,-10,23,0.59,7,20,0,14,0,0,0,1,70,10.0,16:31,46.6
Kris Russell,2014-15,CGY,L,D,79,4,30,34,+18,17,0.43,3,20,1,14,0,0,0,0,111,3.6,23:57,--
Brandon Sutter,2014-15,PIT,R,C,80,21,12,33,+6,14,0.41,14,24,3,5,4,4,0,4,180,11.7,17:19,50.6
Eric Fehr,2014-15,WSH,R,C,75,19,14,33,+8,20,0.44,17,31,1,1,1,1,2,4,142,13.4,14:51,52.0
Alexandre Burrows,2014-15,VAN,L,R,70,18,15,33,0,68,0.47,13,24,4,8,1,1,0,3,145,12.4,15:29,42.9
Jannik Hansen,2014-15,VAN,R,R,81,16,17,33,-6,27,0.41,15,30,0,0,1,3,0,2,145,11.0,13:58,16.7
Darren Helm,2014-15,DET,L,C,75,15,18,33,+7,12,0.44,10,24,3,7,2,2,0,1,160,9.4,15:50,53.0
Nail Yakupov,2014-15,EDM,L,R,81,14,19,33,-35,18,0.41,9,23,5,10,0,0,0,1,191,7.3,15:27,0.0
Mike Santorelli,2014-15,"TOR,NSH",R,C,79,12,21,33,0,14,0.42,11,29,0,2,1,2,0,2,145,8.3,14:23,46.2
Victor Rask,2014-15,CAR,L,C,80,11,22,33,-14,16,0.41,9,22,2,11,0,0,0,2,172,6.4,16:20,51.0
Ryan McDonagh,2014-15,NYR,L,D,71,8,25,33,+23,26,0.46,5,18,3,12,0,3,0,2,148,5.4,23:08,--
Travis Hamonic,2014-15,NYI,R,D,71,5,28,33,+15,85,0.46,4,25,1,8,0,0,0,0,132,3.8,21:47,--
Matt Beleskey,2014-15,ANA,L,L,65,22,10,32,+13,39,0.49,18,28,4,4,0,0,0,8,145,15.2,14:29,42.1
Steve Bernier,2014-15,NJD,R,R,67,16,16,32,+2,28,0.48,12,24,4,8,0,0,0,2,107,15.0,12:56,50.0
Derek Roy,2014-15,"NSH,EDM",L,C,72,12,20,32,-13,24,0.44,8,25,4,7,0,0,0,2,113,10.6,15:40,44.8
Ales Hemsky,2014-15,DAL,R,R,76,11,21,32,-8,16,0.42,10,24,1,8,0,0,1,1,140,7.9,13:38,--
Michael Del Zotto,2014-15,PHI,L,D,64,10,22,32,-5,34,0.50,8,23,1,8,1,1,0,4,119,8.4,21:55,--
Martin Erat,2014-15,ARI,L,R,79,9,23,32,-16,48,0.41,6,26,3,6,0,0,0,1,91,9.9,15:52,0.0
Jonathan Drouin,2014-15,TBL,L,L,70,4,28,32,+3,34,0.46,1,26,3,6,0,0,0,0,76,5.3,13:14,52.4
Jeff Skinner,2014-15,CAR,L,L,77,18,13,31,-24,18,0.40,14,24,4,7,0,0,0,2,235,7.7,16:03,45.7
Mark Arcobello,2014-15,"EDM,NSH,PIT,ARI",R,R,77,17,14,31,-10,20,0.40,16,26,1,4,0,1,1,2,129,13.2,14:48,50.2
Blake Comeau,2014-15,PIT,R,L,61,16,15,31,+6,65,0.51,16,30,0,1,0,0,2,5,147,10.9,15:17,77.8
Nikolay Kulemin,2014-15,NYI,L,L,82,15,16,31,+7,21,0.38,12,27,0,0,3,4,0,0,115,13.0,14:52,29.2
Jiri Tlusty,2014-15,"CAR,WPG",L,L,72,14,17,31,-18,20,0.43,8,21,6,10,0,0,0,0,123,11.4,16:01,33.3
Tomas Hertl,2014-15,SJS,L,C,82,13,18,31,-5,16,0.38,10,25,3,6,0,0,0,4,145,9.0,14:33,45.8
Rickard Rakell,2014-15,ANA,R,R,71,9,22,31,+6,10,0.44,7,22,2,9,0,0,0,1,105,8.6,12:34,46.6
Justin Fontaine,2014-15,MIN,R,R,71,9,22,31,+13,12,0.44,9,29,0,2,0,0,0,2,104,8.7,11:57,50.0
Alexander Edler,2014-15,VAN,L,D,74,8,23,31,+13,54,0.42,3,17,5,14,0,0,1,2,175,4.6,23:59,0.0
Brent Seabrook,2014-15,CHI,R,D,82,8,23,31,-3,27,0.38,4,15,4,15,0,1,0,2,181,4.4,22:11,--
David Krejci,2014-15,BOS,R,C,47,7,24,31,+7,22,0.66,5,22,1,8,1,1,0,1,70,10.0,18:10,53.2
Justin Schultz,2014-15,EDM,R,D,81,6,25,31,-17,12,0.38,6,19,0,12,0,0,0,1,122,4.9,22:37,100.0
Matt Niskanen,2014-15,WSH,R,D,82,4,27,31,+7,47,0.38,2,20,2,10,0,1,0,0,117,3.4,22:21,--
Danny DeKeyser,2014-15,DET,L,D,80,2,29,31,+11,42,0.39,2,25,0,6,0,0,0,1,89,2.3,20:56,--
Zemgus Girgensons,2014-15,BUF,L,L,61,15,15,30,-16,25,0.49,11,23,1,4,3,3,0,1,115,13.0,19:05,44.0
David Jones,2014-15,CGY,R,R,67,14,16,30,-3,18,0.45,12,28,2,2,0,0,0,1,114,12.3,14:20,48.4
Matt Read,2014-15,PHI,R,R,80,8,22,30,-4,14,0.38,6,24,2,5,0,1,0,2,142,5.6,17:34,52.4
Jason Garrison,2014-15,TBL,L,D,70,4,26,30,+27,19,0.43,3,19,1,11,0,0,0,3,111,3.6,20:01,--
Andrew Cogliano,2014-15,ANA,L,C,82,15,14,29,+5,14,0.35,12,26,0,0,3,3,0,2,134,11.2,14:36,32.7
Kyle Palmieri,2014-15,ANA,R,C,57,14,15,29,-2,37,0.51,9,18,5,11,0,0,1,4,112,12.5,14:06,50.0
Vernon Fiddler,2014-15,DAL,L,C,80,13,16,29,-5,34,0.36,9,24,3,3,1,2,0,2,132,9.9,13:08,51.9
Shawn Horcoff,2014-15,DAL,L,C,76,11,18,29,+9,27,0.38,7,24,4,5,0,0,0,1,82,13.4,13:01,50.2
Dale Weise,2014-15,MTL,R,R,79,10,19,29,+21,34,0.37,10,29,0,0,0,0,0,1,91,11.0,12:11,41.7
Morgan Rielly,2014-15,TOR,L,D,81,8,21,29,-16,14,0.36,7,20,1,9,0,0,0,0,148,5.4,20:20,--
Dion Phaneuf,2014-15,TOR,L,D,70,3,26,29,-11,108,0.41,1,13,2,15,0,1,0,1,138,2.2,23:43,--
Michael Raffl,2014-15,PHI,L,L,67,21,7,28,+6,34,0.42,18,25,2,2,1,1,0,2,134,15.7,14:12,45.4
Lee Stempniak,2014-15,"NYR,WPG",R,R,71,15,13,28,+8,20,0.39,15,27,0,1,0,0,0,3,115,13.0,12:43,37.5
Mikkel Boedker,2014-15,ARI,L,L,45,14,14,28,-10,6,0.62,11,16,3,12,0,0,0,2,79,17.7,17:29,0.0
Steve Downie,2014-15,PIT,R,R,72,14,14,28,+2,238,0.39,11,23,3,5,0,0,0,2,104,13.5,12:26,50.0
Bryan Bickell,2014-15,CHI,L,L,80,14,14,28,+5,38,0.35,13,25,1,3,0,0,0,3,113,12.4,12:05,0.0
Nathan Gerbe,2014-15,CAR,L,C,78,10,18,28,-14,34,0.36,8,20,2,8,0,0,0,2,235,4.3,16:27,60.0
Joe Colborne,2014-15,CGY,L,C,64,8,20,28,+7,43,0.44,6,22,1,5,1,1,0,1,67,11.9,15:25,52.4
Tyler Myers,2014-15,"BUF,WPG",R,D,71,7,21,28,-6,77,0.39,5,20,2,6,0,2,0,0,124,5.7,24:38,--
Chris Kelly,2014-15,BOS,L,C,80,7,21,28,+6,48,0.35,6,26,0,0,1,2,0,2,112,6.3,15:08,48.6
Shawn Matthias,2014-15,VAN,L,L,78,18,9,27,-3,16,0.35,17,25,1,1,0,1,0,0,132,13.6,13:06,44.9
Lars Eller,2014-15,MTL,L,C,77,15,12,27,-6,42,0.35,14,23,1,2,0,2,1,7,150,10.0,15:30,51.7
Patrick Eaves,2014-15,DAL,R,R,47,14,13,27,+12,8,0.57,8,18,6,9,0,0,0,2,91,15.4,13:43,40.0
Patrik Berglund,2014-15,STL,L,C,77,12,15,27,-2,26,0.35,12,26,0,1,0,0,0,0,145,8.3,14:35,48.6
Dustin Brown,2014-15,LAK,R,R,82,11,16,27,-17,26,0.33,10,21,1,6,0,0,0,3,189,5.8,16:31,42.9
David Pastrnak,2014-15,BOS,R,R,46,10,17,27,+12,8,0.59,8,24,2,3,0,0,1,3,93,10.8,13:58,29.4
Matt Nieto,2014-15,SJS,L,L,72,10,17,27,-12,20,0.38,9,22,1,4,0,1,0,1,135,7.4,15:15,0.0
Mikael Backlund,2014-15,CGY,L,C,52,10,17,27,+4,14,0.52,8,24,0,1,2,2,1,2,103,9.7,17:45,48.3
Dominic Moore,2014-15,NYR,L,C,82,10,17,27,+5,28,0.33,8,24,0,1,2,2,0,3,116,8.6,13:49,54.5
Ryan Ellis,2014-15,NSH,R,D,58,9,18,27,+8,27,0.47,7,21,2,6,0,0,0,0,118,7.6,18:59,--
Nick Spaling,2014-15,PIT,L,C,82,9,18,27,-2,26,0.33,8,26,1,1,0,0,0,0,90,10.0,15:14,48.3
David Legwand,2014-15,OTT,L,C,80,9,18,27,+1,32,0.34,3,13,6,12,0,2,0,0,91,9.9,13:54,46.6
Seth Jones,2014-15,NSH,R,D,82,8,19,27,+3,20,0.33,5,15,2,11,1,1,0,0,123,6.5,19:53,--
Tomas Fleischmann,2014-15,"FLA,ANA",L,L,66,8,19,27,+12,12,0.41,8,26,0,1,0,0,0,1,131,6.1,14:42,28.6
Artem Anisimov,2014-15,CBJ,L,C,52,7,20,27,-6,8,0.52,7,20,0,4,0,3,1,2,88,8.0,16:23,44.5
Brian Campbell,2014-15,FLA,L,D,82,3,24,27,+4,22,0.33,2,15,1,12,0,0,0,0,118,2.5,23:13,--
Jason Zucker,2014-15,MIN,L,L,51,21,5,26,-9,18,0.51,19,24,1,1,1,1,0,3,124,16.9,15:04,28.6
Andrew Shaw,2014-15,CHI,R,R,79,15,11,26,-8,67,0.33,10,20,5,6,0,0,0,2,146,10.3,14:57,50.1
Dwight King,2014-15,LAK,L,L,81,13,13,26,-3,21,0.32,13,24,0,1,0,1,0,1,127,10.2,14:24,60.0
Alex Chiasson,2014-15,OTT,R,R,76,11,15,26,-5,67,0.34,8,19,3,6,0,1,0,1,105,10.5,13:23,14.3
John Mitchell,2014-15,COL,L,C,68,11,15,26,-9,32,0.38,7,21,3,4,1,1,0,1,105,10.5,15:51,50.9
Colton Sceviour,2014-15,DAL,R,C,71,9,17,26,+1,13,0.37,9,22,0,4,0,0,0,2,113,8.0,12:43,42.3
Kevin Klein,2014-15,NYR,R,D,65,9,17,26,+24,25,0.40,9,26,0,0,0,0,2,4,76,11.8,18:29,0.0
Leo Komarov,2014-15,TOR,L,R,62,8,18,26,0,18,0.42,7,22,0,1,1,3,0,1,84,9.5,14:42,49.5
Bo Horvat,2014-15,VAN,L,C,68,13,12,25,-8,16,0.37,12,24,0,0,1,1,0,1,93,14.0,12:16,51.4
Antoine Roussel,2014-15,DAL,L,L,80,13,12,25,-20,148,0.31,13,22,0,3,0,0,0,1,113,11.5,14:31,17.7
Peter Holland,2014-15,TOR,L,C,62,11,14,25,0,31,0.40,9,20,1,3,1,2,0,3,93,11.8,14:31,45.6
Travis Zajac,2014-15,NJD,R,C,74,11,14,25,-3,29,0.34,5,16,4,7,2,2,0,0,112,9.8,19:04,53.4
Jared Spurgeon,2014-15,MIN,R,D,66,9,16,25,+3,6,0.38,6,19,3,6,0,0,0,2,128,7.0,22:37,--
Trevor Lewis,2014-15,LAK,R,C,73,9,16,25,+8,14,0.34,8,24,0,0,1,1,0,2,143,6.3,14:06,42.9
Stephen Weiss,2014-15,DET,L,C,52,9,16,25,-2,16,0.48,6,16,3,9,0,0,0,1,52,17.3,11:21,47.6
Ryan Garbutt,2014-15,DAL,L,C,67,8,17,25,-9,55,0.37,7,24,0,0,1,1,0,2,143,5.6,13:34,64.0
Riley Nash,2014-15,CAR,R,C,68,8,17,25,-10,12,0.37,7,19,1,6,0,0,0,0,94,8.5,16:19,50.9
Derek Dorsett,2014-15,VAN,R,R,79,7,18,25,+4,175,0.32,5,23,0,0,2,2,0,3,89,7.9,12:03,43.8
Matt Cullen,2014-15,NSH,L,C,62,7,18,25,+8,16,0.40,7,21,0,4,0,0,0,1,90,7.8,13:01,54.0
Jason Demers,2014-15,"SJS,DAL",R,D,81,5,20,25,-3,71,0.31,3,20,2,5,0,0,0,2,99,5.1,19:08,--
Brandon Pirri,2014-15,FLA,L,C,49,22,2,24,+6,14,0.49,15,17,7,7,0,0,0,4,143,15.4,14:46,49.1
Brian Boyle,2014-15,TBL,L,C,82,15,9,24,+3,54,0.29,12,21,0,0,3,3,0,5,140,10.7,13:00,50.8
Melker Karlsson,2014-15,SJS,R,C,53,13,11,24,-3,20,0.45,12,23,1,1,0,0,0,2,100,13.0,15:26,39.4
Josh Jooris,2014-15,CGY,R,R,60,12,12,24,+1,16,0.40,8,19,4,5,0,0,1,4,89,13.5,14:30,48.7
Linden Vey,2014-15,VAN,R,R,75,10,14,24,-3,18,0.32,6,18,4,6,0,0,0,2,61,16.4,13:10,42.8
Martin Hanzal,2014-15,ARI,L,C,37,8,16,24,-1,31,0.65,7,19,1,4,0,1,0,3,85,9.4,17:44,56.5
Jordan Staal,2014-15,CAR,L,C,46,6,18,24,-6,14,0.52,5,17,1,7,0,0,0,1,92,6.5,18:33,56.4
Jake Gardiner,2014-15,TOR,L,D,79,4,20,24,-23,24,0.30,4,16,0,8,0,0,0,0,100,4.0,20:58,--
Adam Larsson,2014-15,NJD,R,D,64,3,21,24,+2,34,0.38,3,21,0,0,0,3,0,1,91,3.3,20:58,--
Brayden McNabb,2014-15,LAK,L,D,71,2,22,24,+11,52,0.34,2,19,0,5,0,0,0,1,74,2.7,15:54,100.0
Matt Calvert,2014-15,CBJ,L,L,56,13,10,23,+1,28,0.41,13,22,0,0,0,1,0,3,93,14.0,16:00,60.0
Erik Johnson,2014-15,COL,R,D,47,12,11,23,+2,33,0.49,9,16,3,6,0,1,0,2,115,10.4,24:25,--
Mason Raymond,2014-15,CGY,L,L,57,12,11,23,-8,8,0.40,12,22,0,1,0,0,0,1,123,9.8,14:49,0.0
Adam Lowry,2014-15,WPG,L,C,80,11,12,23,+1,46,0.29,10,19,0,3,1,1,0,2,104,10.6,13:45,47.2
Marco Scandella,2014-15,MIN,L,D,64,11,12,23,+8,56,0.36,10,17,1,5,0,1,2,4,112,9.8,21:43,--
Francois Beauchemin,2014-15,ANA,L,D,64,11,12,23,+17,48,0.36,9,19,2,3,0,1,0,1,110,10.0,22:45,100.0
J.T. Miller,2014-15,NYR,L,C,58,10,13,23,+5,23,0.40,8,20,2,3,0,0,0,3,92,10.9,12:42,45.4
Jiri Sekac,2014-15,"MTL,ANA",L,L,69,9,14,23,0,22,0.33,7,20,2,3,0,0,0,0,85,10.6,13:34,0.0
Erik Condra,2014-15,OTT,R,R,68,9,14,23,+13,30,0.34,8,21,0,0,1,2,0,1,106,8.5,14:27,22.2
Marc-Edouard Vlasic,2014-15,SJS,L,D,70,9,14,23,+12,23,0.33,9,20,0,3,0,0,1,3,98,9.2,22:07,--
Dave Bolland,2014-15,FLA,R,C,53,6,17,23,+4,48,0.43,5,17,0,5,1,1,0,0,76,7.9,16:21,44.5
Toby Enstrom,2014-15,WPG,L,D,60,4,19,23,+13,36,0.38,3,16,1,7,0,0,0,0,58,6.9,23:34,--
Simon Despres,2014-15,"PIT,ANA",L,D,75,3,20,23,+11,86,0.31,3,22,0,1,0,0,1,1,103,2.9,16:52,0.0
Andrej Sekera,2014-15,"CAR,LAK",L,D,73,3,20,23,-3,14,0.32,2,16,1,6,0,1,0,0,100,3.0,21:59,--
Justin Braun,2014-15,SJS,R,D,70,1,22,23,+8,48,0.33,1,21,0,2,0,0,0,0,94,1.1,21:02,--
Dan Hamhuis,2014-15,VAN,L,D,59,1,22,23,0,44,0.39,0,20,1,3,0,0,0,0,82,1.2,21:32,--
Evander Kane,2014-15,WPG,L,L,37,10,12,22,-1,56,0.59,5,13,4,6,1,3,0,1,126,7.9,19:19,44.8
Andre Burakovsky,2014-15,WSH,L,L,53,9,13,22,+12,10,0.42,7,19,2,3,0,0,0,2,65,13.9,12:55,44.3
PA Parenteau,2014-15,MTL,R,R,56,8,14,22,0,30,0.39,5,18,3,4,0,0,0,1,97,8.3,14:59,38.5
Jacob Trouba,2014-15,WPG,R,D,65,7,15,22,+2,46,0.34,6,16,1,6,0,0,0,0,133,5.3,23:19,0.0
Vincent Trocheck,2014-15,FLA,R,C,50,7,15,22,+9,24,0.44,6,21,1,1,0,0,0,0,89,7.9,14:00,48.7
Jeff Petry,2014-15,"EDM,MTL",R,D,78,7,15,22,-28,42,0.28,6,17,1,4,0,1,0,1,126,5.6,21:15,--
Johan Franzen,2014-15,DET,L,R,33,7,15,22,-12,30,0.67,3,11,4,11,0,0,0,3,74,9.5,16:04,33.3
Alec Martinez,2014-15,LAK,L,D,56,6,16,22,+9,10,0.39,5,18,1,4,0,0,0,1,103,5.8,19:56,--
Dmitry Kulikov,2014-15,FLA,L,D,73,3,19,22,0,48,0.30,2,15,1,6,0,1,0,0,83,3.6,21:19,--
Andy Greene,2014-15,NJD,L,D,82,3,19,22,+1,20,0.27,3,20,0,1,0,1,0,1,83,3.6,23:33,--
Thomas Hickey,2014-15,NYI,L,D,81,2,20,22,-12,26,0.27,2,20,0,0,0,2,1,1,82,2.4,18:56,50.0
John-Michael Liles,2014-15,CAR,L,D,57,2,20,22,-9,14,0.39,2,15,0,7,0,0,0,0,90,2.2,19:09,--
Tobias Rieder,2014-15,ARI,L,L,72,13,8,21,-19,14,0.29,10,16,0,2,3,3,0,1,189,6.9,16:54,20.0
Yannick Weber,2014-15,VAN,R,D,65,11,10,21,+4,30,0.32,6,13,5,8,0,0,0,1,117,9.4,17:11,--
Joffrey Lupul,2014-15,TOR,R,L,55,10,11,21,-10,26,0.38,8,18,2,3,0,0,0,1,97,10.3,15:29,66.7
Kevin Connauton,2014-15,"DAL,CBJ",L,D,62,9,12,21,+5,35,0.34,9,18,0,3,0,0,1,4,96,9.4,16:13,--
Marko Dano,2014-15,CBJ,L,C,35,8,13,21,+12,14,0.60,8,21,0,0,0,0,0,1,84,9.5,13:15,43.2
Brad Richardson,2014-15,VAN,L,R,45,8,13,21,0,34,0.47,7,19,0,1,1,1,0,1,66,12.1,14:28,47.8
Jay McClement,2014-15,CAR,L,C,82,7,14,21,-7,17,0.26,7,21,0,0,0,0,0,2,68,10.3,13:35,55.5
Chris Tierney,2014-15,SJS,L,C,43,6,15,21,+3,6,0.49,5,17,1,4,0,0,0,1,48,12.5,12:15,43.9
Lauri Korpikoski,2014-15,ARI,L,L,69,6,15,21,-27,12,0.30,1,12,5,8,0,1,0,1,82,7.3,15:15,33.3
Cody Ceci,2014-15,OTT,R,D,81,5,16,21,-4,6,0.26,4,17,1,4,0,0,0,0,130,3.9,19:17,--
Karl Alzner,2014-15,WSH,L,D,82,5,16,21,+14,20,0.26,5,21,0,0,0,0,0,0,72,6.9,19:26,--
Chris Terry,2014-15,CAR,L,L,57,11,9,20,-4,14,0.35,8,16,3,4,0,0,0,0,71,15.5,12:43,54.6
Jay Beagle,2014-15,WSH,R,C,62,10,10,20,+6,20,0.32,10,19,0,0,0,1,0,2,84,11.9,12:49,56.5
Kyle Brodziak,2014-15,MIN,R,C,73,9,11,20,-6,47,0.27,8,19,0,0,1,1,0,0,86,10.5,13:03,49.2
Dan Boyle,2014-15,NYR,R,D,65,9,11,20,+18,20,0.31,6,12,3,8,0,0,0,3,116,7.8,20:15,--
Rasmus Ristolainen,2014-15,BUF,R,D,78,8,12,20,-32,26,0.26,4,11,4,9,0,0,0,0,121,6.6,20:37,100.0
Marcus Foligno,2014-15,BUF,L,L,57,8,12,20,-5,50,0.35,8,18,0,1,0,1,0,0,66,12.1,16:14,43.2
Vincent Lecavalier,2014-15,PHI,L,C,57,8,12,20,-7,36,0.35,7,16,1,4,0,0,0,0,103,7.8,12:39,49.7
Zdeno Chara,2014-15,BOS,L,D,63,8,12,20,0,42,0.32,4,12,4,5,0,3,0,0,138,5.8,23:21,100.0
Andrej Nestrasil,2014-15,"DET,CAR",L,C,54,7,13,20,-1,8,0.37,5,15,2,5,0,0,0,0,82,8.5,13:21,58.5
Brooks Laich,2014-15,WSH,L,C,66,7,13,20,-2,24,0.30,7,18,0,1,0,1,0,2,106,6.6,14:43,43.9
Devante Smith-Pelly,2014-15,"ANA,MTL",R,R,74,6,14,20,-1,24,0.27,5,17,0,1,1,2,0,1,104,5.8,14:17,27.7
Anton Lander,2014-15,EDM,L,C,38,6,14,20,-12,14,0.53,2,13,4,7,0,0,1,2,61,9.8,15:01,50.1
Zach Redmond,2014-15,COL,R,D,59,5,15,20,-1,24,0.34,4,14,1,6,0,0,0,1,93,5.4,17:09,--
Marc Staal,2014-15,NYR,L,D,80,5,15,20,+18,42,0.25,5,18,0,0,0,2,0,0,97,5.2,21:08,50.0
Lubomir Visnovsky,2014-15,NYI,L,D,53,5,15,20,-3,8,0.38,3,15,2,5,0,0,0,1,85,5.9,19:32,0.0
Alex Wennberg,2014-15,CBJ,L,C,68,4,16,20,-19,22,0.29,3,16,1,4,0,0,0,0,85,4.7,15:37,42.7
Dan Girardi,2014-15,NYR,R,D,82,4,16,20,+12,22,0.24,3,16,1,3,0,1,0,1,111,3.6,22:42,--
Zach Bogosian,2014-15,"WPG,BUF",R,D,62,3,17,20,-6,78,0.32,3,18,0,2,0,0,0,0,125,2.4,23:40,--
Paul Martin,2014-15,PIT,L,D,74,3,17,20,+17,20,0.27,3,19,0,1,0,0,0,0,61,4.9,22:47,--
Oscar Klefbom,2014-15,EDM,L,D,60,2,18,20,-21,4,0.33,2,18,0,2,0,0,0,0,98,2.0,22:00,--
Chris Tanev,2014-15,VAN,R,D,70,2,18,20,+8,12,0.29,2,18,0,2,0,0,1,1,53,3.8,21:05,--
Cedric Paquette,2014-15,TBL,L,C,64,12,7,19,+4,51,0.30,10,17,0,0,2,2,0,3,91,13.2,13:37,47.7
Jean-Gabriel Pageau,2014-15,OTT,R,C,50,10,9,19,+4,9,0.38,8,17,0,0,2,2,0,2,97,10.3,14:11,49.2
Mikhail Grabovski,2014-15,NYI,L,C,51,9,10,19,+3,8,0.37,9,18,0,1,0,0,0,2,81,11.1,14:16,45.8
Sean Bergenheim,2014-15,"FLA,MIN",L,L,56,9,10,19,-2,40,0.34,9,17,0,2,0,0,0,2,108,8.3,13:07,33.3
Matt Irwin,2014-15,SJS,L,D,53,8,11,19,+3,18,0.36,7,16,1,3,0,0,0,1,93,8.6,17:01,--
Jason Chimera,2014-15,WSH,L,L,77,7,12,19,-1,51,0.25,7,19,0,0,0,0,0,2,96,7.3,12:56,56.6
Eric Gelinas,2014-15,NJD,L,D,61,6,13,19,-2,42,0.31,3,10,3,9,0,0,0,2,112,5.4,16:28,--
Paul Byron,2014-15,CGY,L,L,57,6,13,19,-2,8,0.33,5,16,1,1,0,2,0,0,62,9.7,14:28,35.1
Alexander Semin,2014-15,CAR,R,R,57,6,13,19,-10,32,0.33,6,15,0,4,0,0,0,0,93,6.5,15:55,33.3
Michael Ryder,2014-15,NJD,R,R,47,6,13,19,-1,30,0.40,6,17,0,2,0,0,0,0,89,6.7,14:29,33.3
Niklas Hjalmarsson,2014-15,CHI,L,D,82,3,16,19,+25,44,0.23,3,19,0,0,0,0,0,1,97,3.1,21:53,--
Brooks Orpik,2014-15,WSH,L,D,78,0,19,19,+5,66,0.24,0,19,0,0,0,0,0,0,66,0.0,21:48,--
Dmitrij Jaskin,2014-15,STL,L,R,54,13,5,18,+7,16,0.33,10,15,3,3,0,0,0,4,108,12.0,13:28,42.9
Luke Glendening,2014-15,DET,R,C,82,12,6,18,+5,34,0.22,11,17,1,1,0,0,0,2,104,11.5,14:43,51.9
Casey Cizikas,2014-15,NYI,L,C,70,9,9,18,-2,24,0.26,7,15,0,1,2,2,0,2,90,10.0,12:31,52.2
Markus Granlund,2014-15,CGY,L,C,48,8,10,18,-4,16,0.38,7,16,1,2,0,0,0,1,65,12.3,13:22,36.8
Ryan Spooner,2014-15,BOS,L,C,29,8,10,18,+2,2,0.62,5,13,3,5,0,0,1,1,73,11.0,14:32,45.5
Calle Jarnkrok,2014-15,NSH,R,C,74,7,11,18,+2,18,0.24,7,17,0,0,0,1,0,1,95,7.4,12:51,46.2
Mattias Ekholm,2014-15,NSH,L,D,80,7,11,18,+12,52,0.23,6,16,1,2,0,0,1,1,86,8.1,19:01,--
James Sheppard,2014-15,"SJS,NYR",L,C,71,7,11,18,-4,37,0.25,7,17,0,1,0,0,0,1,79,8.9,13:15,50.1
Nate Thompson,2014-15,ANA,L,C,80,5,13,18,0,39,0.23,4,17,0,0,1,1,1,3,87,5.8,13:19,52.8
Max Talbot,2014-15,"COL,BOS",L,C,81,5,13,18,-1,29,0.22,5,18,0,0,0,0,0,1,97,5.2,13:37,48.1
Brandon Prust,2014-15,MTL,L,L,82,4,14,18,+6,134,0.22,4,17,0,0,0,1,0,0,78,5.1,12:58,51.6
Matt Carle,2014-15,TBL,L,D,59,4,14,18,+12,26,0.31,3,17,1,1,0,0,0,0,73,5.5,20:29,--
Tomas Jurco,2014-15,DET,L,R,63,3,15,18,+6,14,0.29,2,16,1,2,0,0,0,0,92,3.3,11:31,0.0
Michael Stone,2014-15,ARI,R,D,81,3,15,18,-24,60,0.22,3,13,0,5,0,0,0,0,144,2.1,20:52,100.0
Kyle Quincey,2014-15,DET,L,D,73,3,15,18,+10,77,0.25,3,17,0,0,0,1,0,0,90,3.3,19:29,--
Brett Connolly,2014-15,"TBL,BOS",R,R,55,12,5,17,+3,48,0.31,10,14,2,3,0,0,0,2,83,14.5,12:09,41.9
Richard Panik,2014-15,TOR,L,R,76,11,6,17,-8,49,0.22,9,15,2,2,0,0,0,1,87,12.6,11:39,28.6
Boone Jenner,2014-15,CBJ,L,C,31,9,8,17,-5,12,0.55,7,12,2,5,0,0,0,2,83,10.8,18:16,49.4
Marcus Kruger,2014-15,CHI,L,C,81,7,10,17,-5,32,0.21,7,17,0,0,0,0,0,1,126,5.6,13:05,53.3
Matt Stajan,2014-15,CGY,L,C,59,7,10,17,+7,28,0.29,7,16,0,0,0,1,0,0,46,15.2,12:00,50.3
Jarret Stoll,2014-15,LAK,R,C,73,6,11,17,+3,58,0.23,3,11,3,4,0,2,1,2,83,7.2,15:29,51.0
Damon Severson,2014-15,NJD,R,D,51,5,12,17,-13,22,0.33,5,10,0,7,0,0,0,0,93,5.4,21:58,0.0
Brian Flynn,2014-15,"BUF,MTL",R,C,63,5,12,17,-5,8,0.27,5,14,0,1,0,2,0,0,82,6.1,14:55,47.9
Ian Cole,2014-15,"STL,PIT",L,D,74,5,12,17,+14,51,0.23,5,16,0,1,0,0,0,0,83,6.0,15:59,--
Tom Wilson,2014-15,WSH,R,R,67,4,13,17,-1,172,0.25,4,17,0,0,0,0,0,0,79,5.1,10:56,18.2
Jonas Brodin,2014-15,MIN,L,D,71,3,14,17,+21,8,0.24,3,14,0,2,0,1,0,1,95,3.2,24:10,--
Tanner Pearson,2014-15,LAK,L,L,42,12,4,16,+14,14,0.38,11,15,1,1,0,0,0,3,68,17.7,13:18,62.5
Zack Kassian,2014-15,VAN,R,R,42,10,6,16,-5,81,0.38,9,15,1,1,0,0,0,3,55,18.2,12:37,0.0
Vladislav Namestnikov,2014-15,TBL,L,C,43,9,7,16,+1,13,0.37,8,14,1,2,0,0,0,3,46,19.6,12:00,45.2
Matt Dumba,2014-15,MIN,R,D,58,8,8,16,+13,23,0.28,6,10,2,6,0,0,1,2,86,9.3,15:01,--
Taylor Beck,2014-15,NSH,R,L,62,8,8,16,-4,18,0.26,6,14,2,2,0,0,0,3,78,10.3,11:56,50.0
Matt Hendricks,2014-15,EDM,L,C,71,8,8,16,-14,76,0.23,7,14,0,1,1,1,0,0,103,7.8,13:09,49.5
Cal Clutterbuck,2014-15,NYI,R,R,76,7,9,16,+1,60,0.21,5,12,0,1,2,3,0,4,124,5.7,12:44,66.7
Johan Larsson,2014-15,BUF,L,L,39,6,10,16,0,12,0.41,5,12,1,4,0,0,0,0,50,12.0,14:31,44.0
Mike Richards,2014-15,LAK,L,C,53,5,11,16,-10,39,0.30,4,13,1,3,0,0,0,1,63,7.9,13:22,48.7
Jordie Benn,2014-15,DAL,L,D,73,2,14,16,-5,34,0.22,2,14,0,2,0,0,0,0,70,2.9,18:04,0.0
David Clarkson,2014-15,"TOR,CBJ",R,R,61,10,5,15,-12,106,0.25,9,14,1,1,0,0,0,1,95,10.5,13:48,34.3
Jordin Tootoo,2014-15,NJD,R,R,68,10,5,15,+1,72,0.22,9,14,1,1,0,0,0,1,75,13.3,10:27,100.0
Chris VandeVelde,2014-15,PHI,L,C,72,9,6,15,-6,28,0.21,9,15,0,0,0,0,0,0,70,12.9,11:44,37.5
R.J. Umberger,2014-15,PHI,L,C,67,9,6,15,-9,19,0.22,7,13,2,2,0,0,0,0,96,9.4,13:49,40.9
Scottie Upshall,2014-15,FLA,L,R,63,8,7,15,-8,28,0.24,8,14,0,1,0,0,0,2,93,8.6,12:41,52.3
Brad Malone,2014-15,CAR,L,C,65,7,8,15,-8,74,0.23,7,15,0,0,0,0,0,2,65,10.8,10:09,61.2
Curtis Lazar,2014-15,OTT,R,C,67,6,9,15,+1,14,0.22,6,15,0,0,0,0,0,0,92,6.5,12:54,47.3
Kyle Clifford,2014-15,LAK,L,L,80,6,9,15,+5,87,0.19,6,15,0,0,0,0,0,1,117,5.1,10:44,33.3
Nicolas Deslauriers,2014-15,BUF,L,L,82,5,10,15,-24,71,0.18,5,14,0,0,0,1,0,1,76,6.6,11:52,0.0
Nikita Zadorov,2014-15,BUF,L,D,60,3,12,15,-10,51,0.25,1,10,2,5,0,0,1,1,52,5.8,17:42,100.0
Jonathan Ericsson,2014-15,DET,L,D,82,3,12,15,-5,70,0.18,3,14,0,0,0,1,0,0,82,3.7,19:35,--
Fedor Tyutin,2014-15,CBJ,L,D,67,3,12,15,+8,40,0.22,3,12,0,1,0,2,0,0,56,5.4,19:55,--
Nate Guenin,2014-15,COL,R,D,76,2,13,15,-1,32,0.20,2,15,0,0,0,0,0,0,38,5.3,16:51,--
Nick Schultz,2014-15,PHI,L,D,80,2,13,15,+2,47,0.19,2,14,0,1,0,0,0,1,69,2.9,19:03,--
Barret Jackman,2014-15,STL,L,D,80,2,13,15,+3,47,0.19,2,14,0,0,0,1,0,1,86,2.3,16:49,--
Matt Martin,2014-15,NYI,L,L,78,8,6,14,-4,114,0.18,8,14,0,0,0,0,0,2,90,8.9,11:16,50.0
Erik Haula,2014-15,MIN,L,L,72,7,7,14,-7,32,0.19,6,12,1,1,0,1,0,1,92,7.6,12:09,45.4
Ben Smith,2014-15,"CHI,SJS",R,R,80,7,7,14,+2,2,0.18,7,14,0,0,0,0,0,1,92,7.6,13:03,52.2
Andrej Meszaros,2014-15,BUF,L,D,60,7,7,14,-13,36,0.23,6,13,1,1,0,0,0,1,67,10.5,17:55,--
Chris Thorburn,2014-15,WPG,R,R,81,7,7,14,-5,76,0.17,7,14,0,0,0,0,0,2,67,10.5,8:05,64.3
Jesper Fast,2014-15,NYR,R,R,58,6,8,14,-1,8,0.24,6,13,0,1,0,0,0,0,52,11.5,11:48,20.0
Rene Bourque,2014-15,"MTL,ANA,CBJ",L,R,51,6,8,14,-15,22,0.27,4,11,2,3,0,0,1,1,85,7.1,12:38,40.0
Torrey Mitchell,2014-15,"BUF,MTL",R,C,65,6,8,14,-8,34,0.22,6,14,0,0,0,0,0,2,55,10.9,14:12,49.0
Tyler Kennedy,2014-15,"SJS,NYI",R,C,38,6,8,14,-2,10,0.37,6,14,0,0,0,0,0,2,79,7.6,11:10,46.4
Nick Holden,2014-15,COL,L,D,78,5,9,14,-11,28,0.18,3,8,2,6,0,0,0,2,94,5.3,19:48,--
Nicklas Grossmann,2014-15,PHI,L,D,68,5,9,14,+8,32,0.21,5,14,0,0,0,0,0,0,43,11.6,17:39,--
Martin Havlat,2014-15,NJD,L,R,40,5,9,14,-11,10,0.35,2,8,3,6,0,0,0,1,49,10.2,14:48,--
Kyle Chipchura,2014-15,ARI,L,C,70,4,10,14,-23,82,0.20,3,13,1,1,0,0,0,0,81,4.9,13:24,51.6
Kevin Bieksa,2014-15,VAN,R,D,60,4,10,14,0,77,0.23,4,12,0,1,0,1,0,1,99,4.0,20:50,--
Paul Gaustad,2014-15,NSH,L,C,73,4,10,14,+7,60,0.19,4,14,0,0,0,0,0,1,54,7.4,12:26,56.4
David Rundblad,2014-15,CHI,R,D,49,3,11,14,+17,12,0.29,3,13,0,1,0,0,0,1,58,5.2,12:48,--
Luke Schenn,2014-15,PHI,R,D,58,3,11,14,-2,18,0.24,3,14,0,0,0,0,0,0,67,4.5,18:04,--
Alexei Emelin,2014-15,MTL,L,D,68,3,11,14,+5,59,0.21,3,14,0,0,0,0,0,0,43,7.0,19:49,--
Dennis Seidenberg,2014-15,BOS,L,D,82,3,11,14,-1,34,0.17,3,14,0,0,0,0,0,0,103,2.9,22:06,--
Christian Ehrhoff,2014-15,PIT,L,D,49,3,11,14,+8,26,0.29,3,12,0,2,0,0,0,3,110,2.7,21:46,--
Andrew Ference,2014-15,EDM,L,D,70,3,11,14,-17,39,0.20,3,13,0,0,0,1,0,0,58,5.2,18:53,0.0
Jon Merrill,2014-15,NJD,L,D,66,2,12,14,-14,24,0.21,0,9,2,4,0,1,0,0,47,4.3,20:33,--
Ben Lovejoy,2014-15,"ANA,PIT",R,D,60,2,12,14,-4,25,0.23,2,12,0,0,0,2,0,0,86,2.3,19:26,--
Mark Stuart,2014-15,WPG,L,D,70,2,12,14,+5,69,0.20,2,12,0,0,0,2,0,1,51,3.9,19:13,0.0
Sergei Gonchar,2014-15,"DAL,MTL",L,D,48,1,13,14,+6,18,0.29,1,10,0,4,0,0,0,0,46,2.2,17:41,100.0
Michael Grabner,2014-15,NYI,L,L,34,8,5,13,+4,4,0.38,8,13,0,0,0,0,0,0,63,12.7,12:56,0.0
Mark Letestu,2014-15,CBJ,R,C,54,7,6,13,-9,0,0.24,6,11,0,1,1,1,0,1,63,11.1,13:20,52.9
David Booth,2014-15,TOR,L,L,59,7,6,13,-8,25,0.22,7,12,0,0,0,1,0,2,107,6.5,11:56,46.2
Tuomo Ruutu,2014-15,NJD,L,L,77,7,6,13,-3,28,0.17,7,13,0,0,0,0,0,0,74,9.5,10:52,44.4
Cody Hodgson,2014-15,BUF,R,C,78,6,7,13,-28,12,0.17,6,12,0,1,0,0,0,0,127,4.7,12:51,45.9
Daniel Paille,2014-15,BOS,L,L,71,6,7,13,-9,12,0.18,5,11,0,0,1,2,0,1,66,9.1,11:31,28.6
Boyd Gordon,2014-15,EDM,R,C,68,6,7,13,-5,17,0.19,4,10,1,1,1,2,0,1,65,9.2,13:20,55.9
Stephen Gionta,2014-15,NJD,R,C,61,5,8,13,+4,12,0.21,5,11,0,0,0,2,0,1,84,6.0,13:11,40.4
Jakub Kindl,2014-15,DET,L,D,35,5,8,13,+2,22,0.37,3,6,2,7,0,0,0,0,54,9.3,15:55,--
Drew Miller,2014-15,DET,L,L,82,5,8,13,-3,25,0.16,4,11,0,1,1,1,0,0,98,5.1,13:26,31.6
Jim Slater,2014-15,WPG,L,C,82,5,8,13,-4,58,0.16,5,12,0,0,0,1,0,1,51,9.8,9:13,59.7
Ryan Murphy,2014-15,CAR,R,D,37,4,9,13,-11,8,0.35,1,8,3,5,0,0,0,1,61,6.6,18:17,--
Erik Gudbranson,2014-15,FLA,R,D,76,4,9,13,-4,58,0.17,4,9,0,4,0,0,0,0,110,3.6,18:37,--
Brendan Smith,2014-15,DET,L,D,76,4,9,13,-2,68,0.17,4,11,0,2,0,0,0,1,88,4.6,17:53,--
Gabriel Bourque,2014-15,NSH,L,L,69,3,10,13,-13,10,0.19,3,13,0,0,0,0,0,0,76,4.0,12:01,50.0
Patrick Wiercioch,2014-15,OTT,L,D,56,3,10,13,+3,28,0.23,2,8,1,5,0,0,1,2,79,3.8,18:03,--
Ryan Carter,2014-15,MIN,L,L,53,3,10,13,+3,55,0.25,2,12,0,0,1,1,0,0,47,6.4,10:05,41.4
Robyn Regehr,2014-15,LAK,L,D,67,3,10,13,+10,45,0.19,3,12,0,0,0,1,0,0,63,4.8,20:20,--
Brad Stuart,2014-15,COL,L,D,65,3,10,13,-4,16,0.20,3,12,0,1,0,0,0,0,64,4.7,20:21,100.0
Jay Bouwmeester,2014-15,STL,L,D,72,2,11,13,+7,24,0.18,2,9,0,4,0,0,0,0,92,2.2,22:40,--
Jan Hejda,2014-15,COL,L,D,81,1,12,13,-12,42,0.16,1,12,0,0,0,1,0,0,84,1.2,20:39,--
Michal Rozsival,2014-15,CHI,R,D,65,1,12,13,0,22,0.20,1,13,0,0,0,0,0,0,56,1.8,17:01,--
Andrej Sustr,2014-15,TBL,R,D,72,0,13,13,+10,34,0.18,0,12,0,1,0,0,0,0,55,0.0,17:42,--
Matt Fraser,2014-15,"BOS,EDM",L,R,60,8,4,12,-16,17,0.20,7,11,1,1,0,0,0,1,92,8.7,11:13,42.9
Daniel Bri√®re,2014-15,COL,R,C,57,8,4,12,-7,18,0.21,8,12,0,0,0,0,1,3,69,11.6,12:07,54.2
Cody McLeod,2014-15,COL,L,L,82,7,5,12,-2,191,0.15,6,11,0,0,1,1,0,2,94,7.5,11:11,11.1
Eric Nystrom,2014-15,NSH,L,L,60,7,5,12,0,15,0.20,6,11,0,0,1,1,0,1,60,11.7,13:12,33.3
Pierre-Edouard Bellemare,2014-15,PHI,L,L,81,6,6,12,-3,18,0.15,6,12,0,0,0,0,0,1,113,5.3,12:50,47.3
Ryan White,2014-15,PHI,R,C,34,6,6,12,+4,30,0.35,6,11,0,0,0,1,0,1,45,13.3,11:43,52.9
Ryan Reaves,2014-15,STL,R,R,81,6,6,12,-3,116,0.15,6,12,0,0,0,0,0,1,55,10.9,8:31,--
Gregory Campbell,2014-15,BOS,L,C,70,6,6,12,+1,45,0.17,5,11,0,0,1,1,0,2,64,9.4,12:08,53.6
Patrick Dwyer,2014-15,CAR,R,R,71,5,7,12,-12,10,0.17,5,11,0,0,0,1,0,0,77,6.5,12:46,26.3
Ronalds Kenins,2014-15,VAN,L,L,30,4,8,12,-2,8,0.40,4,12,0,0,0,0,0,0,38,10.5,12:16,--
Barclay Goodrow,2014-15,SJS,L,C,60,4,8,12,-1,35,0.20,4,11,0,0,0,1,0,2,68,5.9,11:04,52.2
Beau Bennett,2014-15,PIT,R,R,49,4,8,12,-1,16,0.24,4,12,0,0,0,0,0,1,81,4.9,12:29,0.0
Tom Gilbert,2014-15,MTL,R,D,72,4,8,12,+10,30,0.17,4,12,0,0,0,0,0,0,70,5.7,19:20,--
Zbynek Michalek,2014-15,"ARI,STL",R,D,68,4,8,12,-3,18,0.18,4,12,0,0,0,0,0,0,86,4.7,20:46,--
David Moss,2014-15,ARI,R,R,60,4,8,12,-18,24,0.20,3,9,1,2,0,1,0,0,96,4.2,12:55,46.2
Dennis Everberg,2014-15,COL,L,R,55,3,9,12,-7,10,0.22,3,12,0,0,0,0,0,0,62,4.8,11:48,0.0
Steve Ott,2014-15,STL,L,C,78,3,9,12,-8,86,0.15,3,12,0,0,0,0,0,0,49,6.1,11:38,56.3
Carl Gunnarsson,2014-15,STL,L,D,61,2,10,12,+10,2,0.20,2,11,0,1,0,0,0,0,54,3.7,18:04,--
Andrew MacDonald,2014-15,PHI,L,D,58,2,10,12,-5,41,0.21,1,7,1,5,0,0,0,0,62,3.2,20:01,--
Calvin de Haan,2014-15,NYI,L,D,65,1,11,12,+3,24,0.18,0,10,0,1,1,1,0,0,92,1.1,19:01,--
Eric Gryba,2014-15,OTT,R,D,75,0,12,12,+11,97,0.16,0,12,0,0,0,0,0,0,64,0.0,15:39,--
Jacob Josefson,2014-15,NJD,L,C,62,6,5,11,0,24,0.18,3,6,0,2,3,3,0,1,61,9.8,12:26,49.3
Pascal Dupuis,2014-15,PIT,L,R,16,6,5,11,+2,4,0.69,4,7,2,3,0,1,0,1,44,13.6,16:39,100.0
Derek MacKenzie,2014-15,FLA,L,C,82,5,6,11,-17,45,0.13,4,10,1,1,0,0,0,0,72,6.9,12:27,53.1
Ryan Stanton,2014-15,VAN,L,D,54,3,8,11,+9,35,0.20,3,11,0,0,0,0,0,0,59,5.1,16:00,--
Luca Sbisa,2014-15,VAN,L,D,76,3,8,11,-8,46,0.14,3,11,0,0,0,0,1,2,79,3.8,18:47,--
Eric Brewer,2014-15,"TBL,ANA,TOR",L,D,44,3,8,11,-5,36,0.25,3,10,0,0,0,1,1,1,33,9.1,18:41,--
John Moore,2014-15,"NYR,ARI",L,D,57,2,9,11,-4,30,0.19,2,7,0,4,0,0,0,0,77,2.6,16:18,--
Matt Hunwick,2014-15,NYR,L,D,55,2,9,11,+17,16,0.20,2,9,0,2,0,0,0,1,72,2.8,15:49,--
Maxim Lapierre,2014-15,"STL,PIT",R,C,80,2,9,11,-15,32,0.14,2,11,0,0,0,0,0,0,86,2.3,10:43,52.4
Deryk Engelland,2014-15,CGY,R,D,76,2,9,11,-16,53,0.14,2,10,0,0,0,1,0,0,51,3.9,14:23,--
Mark Borowiecki,2014-15,OTT,L,D,63,1,10,11,+15,107,0.17,1,11,0,0,0,0,0,0,30,3.3,15:55,--
Marc Methot,2014-15,OTT,L,D,45,1,10,11,+22,18,0.24,1,11,0,0,0,0,0,0,49,2.0,22:40,0.0
Braydon Coburn,2014-15,"PHI,TBL",L,D,43,1,10,11,+2,25,0.26,1,11,0,0,0,0,0,0,46,2.2,19:56,--
Seth Griffith,2014-15,BOS,R,C,30,6,4,10,-2,6,0.33,5,7,1,3,0,0,0,1,33,18.2,13:27,33.3
Emerson Etem,2014-15,ANA,L,R,45,5,5,10,-6,4,0.22,5,10,0,0,0,0,0,0,77,6.5,12:15,50.0
Andrew Desjardins,2014-15,"SJS,CHI",L,L,69,5,5,10,-1,57,0.14,5,10,0,0,0,0,0,1,59,8.5,10:44,50.6
Nikita Nikitin,2014-15,EDM,L,D,42,4,6,10,-12,12,0.24,2,7,2,3,0,0,0,1,80,5.0,19:38,--
Joakim Lindstrom,2014-15,"STL,TOR",L,C,53,4,6,10,-15,12,0.19,2,5,2,5,0,0,0,0,61,6.6,10:53,30.4
Olli Jokinen,2014-15,"NSH,TOR,STL",L,C,62,4,6,10,+6,28,0.16,4,10,0,0,0,0,0,1,110,3.6,13:16,40.6
Matt Cooke,2014-15,MIN,L,L,29,4,6,10,0,13,0.34,4,10,0,0,0,0,0,0,24,16.7,12:36,33.3
Dainius Zubrus,2014-15,NJD,L,C,74,4,6,10,-9,42,0.14,4,8,0,1,0,1,0,1,72,5.6,14:40,43.0
Christian Folin,2014-15,MIN,R,D,40,2,8,10,+3,13,0.25,2,9,0,1,0,0,0,0,39,5.1,15:12,--
Brenden Dillon,2014-15,"DAL,SJS",L,D,80,2,8,10,-13,77,0.13,1,8,0,0,1,2,0,1,91,2.2,19:34,--
Brett Bellemore,2014-15,CAR,R,D,49,2,8,10,+1,27,0.20,2,10,0,0,0,0,0,1,26,7.7,16:23,--
Viktor Stalberg,2014-15,NSH,L,L,25,2,8,10,0,18,0.40,2,10,0,0,0,0,0,1,27,7.4,11:53,100.0
Johnny Oduya,2014-15,CHI,L,D,76,2,8,10,+5,26,0.13,2,10,0,0,0,0,0,0,76,2.6,20:17,--
Ron Hainsey,2014-15,CAR,L,D,81,2,8,10,-14,16,0.12,2,9,0,1,0,0,0,0,83,2.4,21:06,100.0
Rob Scuderi,2014-15,PIT,L,D,82,1,9,10,+9,17,0.12,1,9,0,0,0,1,0,0,52,1.9,19:09,--
Jyrki Jokipakka,2014-15,DAL,L,D,51,0,10,10,-2,8,0.20,0,10,0,0,0,0,0,0,40,0.0,16:31,--
Victor Bartley,2014-15,NSH,L,D,37,0,10,10,+1,26,0.27,0,10,0,0,0,0,0,0,28,0.0,13:26,--
Brett Ritchie,2014-15,DAL,R,R,31,6,3,9,-1,12,0.29,6,8,0,1,0,0,0,1,78,7.7,13:59,25.0
Jordan Nolan,2014-15,LAK,L,C,60,6,3,9,-6,54,0.15,6,9,0,0,0,0,0,1,44,13.6,9:58,16.7
Rob Klinkhammer,2014-15,"ARI,PIT,EDM",L,L,69,5,4,9,-4,27,0.13,5,9,0,0,0,0,0,0,64,7.8,11:13,27.0
Roman Polak,2014-15,TOR,R,D,56,5,4,9,-22,48,0.16,5,9,0,0,0,0,0,1,61,8.2,21:05,100.0
Teuvo Teravainen,2014-15,CHI,L,L,34,4,5,9,+4,2,0.26,4,8,0,1,0,0,0,1,66,6.1,12:47,46.8
JT Brown,2014-15,TBL,R,R,52,3,6,9,-2,30,0.17,3,9,0,0,0,0,0,0,74,4.1,10:36,46.2
Jared Cowen,2014-15,OTT,L,D,54,3,6,9,-11,45,0.17,3,9,0,0,0,0,0,1,47,6.4,18:09,--
Jamie McBain,2014-15,LAK,R,D,26,3,6,9,+4,4,0.35,2,6,1,3,0,0,0,0,18,16.7,12:41,--
Joe Vitale,2014-15,ARI,R,C,70,3,6,9,-11,36,0.13,3,9,0,0,0,0,0,0,55,5.5,11:14,48.3
Chris Butler,2014-15,STL,L,D,33,3,6,9,+8,23,0.27,2,8,0,0,1,1,0,0,54,5.6,17:11,--
Matt Greene,2014-15,LAK,R,D,82,3,6,9,+1,54,0.11,3,9,0,0,0,0,0,0,69,4.4,15:48,--
Jay Harrison,2014-15,"CAR,WPG",L,D,55,3,6,9,-1,65,0.16,2,7,1,2,0,0,0,0,50,6.0,15:56,--
Marcel Goc,2014-15,"PIT,STL",L,C,74,3,6,9,-3,8,0.12,3,8,0,0,0,1,0,0,77,3.9,11:41,54.3
Travis Moen,2014-15,"MTL,DAL",L,L,44,3,6,9,0,18,0.20,3,9,0,0,0,0,0,0,34,8.8,9:23,0.0
Leon Draisaitl,2014-15,EDM,L,C,37,2,7,9,-17,4,0.24,1,7,1,2,0,0,0,1,49,4.1,12:42,40.6
Olli Maatta,2014-15,PIT,L,D,20,1,8,9,+1,10,0.45,1,7,0,2,0,0,0,0,27,3.7,20:43,--
Nathan Beaulieu,2014-15,MTL,L,D,64,1,8,9,+6,45,0.14,1,7,0,2,0,0,0,0,62,1.6,15:42,--
Andre Benoit,2014-15,BUF,L,D,59,1,8,9,-19,20,0.15,0,7,0,1,1,1,0,0,45,2.2,18:09,--
Tim Gleason,2014-15,"CAR,WSH",L,D,72,1,8,9,-13,55,0.13,1,9,0,0,0,0,0,0,54,1.9,16:20,--
Cody Goloubef,2014-15,CBJ,R,D,36,0,9,9,+12,19,0.25,0,8,0,0,0,1,0,0,23,0.0,15:34,--
Adam Pardy,2014-15,WPG,L,D,55,0,9,9,+9,40,0.16,0,8,0,0,0,1,0,0,29,0.0,15:01,--
Jack Skille,2014-15,CBJ,R,R,45,6,2,8,-18,16,0.18,6,8,0,0,0,0,0,0,95,6.3,12:31,37.5
Teemu Pulkkinen,2014-15,DET,R,L,31,5,3,8,+5,10,0.26,4,6,1,2,0,0,0,2,67,7.5,11:29,--
Daniel Carcillo,2014-15,CHI,L,L,39,4,4,8,+3,54,0.21,4,8,0,0,0,0,0,0,42,9.5,8:11,0.0
Jordan Schroeder,2014-15,MIN,R,C,25,3,5,8,+9,2,0.32,3,8,0,0,0,0,0,0,48,6.3,10:51,--
Joakim Andersson,2014-15,DET,L,C,68,3,5,8,-4,22,0.12,3,8,0,0,0,0,0,1,74,4.1,11:38,51.2
Robert Bortuzzo,2014-15,"PIT,STL",R,D,51,3,5,8,-9,93,0.16,3,8,0,0,0,0,0,0,56,5.4,15:07,100.0
Matt Halischuk,2014-15,WPG,R,R,47,3,5,8,+5,6,0.17,3,8,0,0,0,0,0,1,59,5.1,9:45,100.0
Brenden Morrow,2014-15,TBL,L,L,70,3,5,8,-1,64,0.11,3,8,0,0,0,0,0,0,28,10.7,9:20,--
Willie Mitchell,2014-15,FLA,L,D,66,3,5,8,+1,25,0.12,3,7,0,0,0,1,0,0,78,3.9,21:41,--
Matt Tennyson,2014-15,SJS,R,D,27,2,6,8,0,16,0.30,1,5,1,2,0,1,0,0,37,5.4,17:34,--
Ben Chiarot,2014-15,WPG,L,D,40,2,6,8,+5,22,0.20,2,8,0,0,0,0,0,0,37,5.4,17:01,--
Dylan Olsen,2014-15,FLA,L,D,44,2,6,8,-7,20,0.18,2,7,0,1,0,0,0,0,44,4.6,15:54,--
Mark Fayne,2014-15,EDM,R,D,74,2,6,8,-21,14,0.11,2,6,0,0,0,2,0,0,78,2.6,17:56,--
Colin McDonald,2014-15,NYI,R,R,18,2,6,8,-3,0,0.44,2,8,0,0,0,0,0,0,29,6.9,10:30,50.0
Carlo Colaiacovo,2014-15,PHI,L,D,33,2,6,8,0,10,0.24,2,6,0,2,0,0,0,0,42,4.8,16:29,--
Tomas Kopecky,2014-15,FLA,L,R,64,2,6,8,-19,28,0.13,2,8,0,0,0,0,0,1,106,1.9,12:54,75.0
Jamie Oleksiak,2014-15,DAL,L,D,36,1,7,8,0,8,0.22,1,8,0,0,0,0,0,0,36,2.8,13:24,--
Corey Tropp,2014-15,CBJ,R,R,61,1,7,8,-14,76,0.13,1,8,0,0,0,0,0,0,22,4.6,8:45,50.0
Clayton Stoner,2014-15,ANA,L,D,69,1,7,8,-2,68,0.12,1,8,0,0,0,0,0,1,68,1.5,17:39,--
Dalton Prout,2014-15,CBJ,R,D,63,0,8,8,-14,85,0.13,0,8,0,0,0,0,0,0,64,0.0,18:25,--
Tim Jackman,2014-15,ANA,R,R,55,5,2,7,-4,86,0.13,5,7,0,0,0,0,0,1,55,9.1,8:23,71.4
Connor Murphy,2014-15,ARI,R,D,73,4,3,7,-27,42,0.10,4,7,0,0,0,0,0,0,72,5.6,16:48,0.0
Chris Neil,2014-15,OTT,R,R,38,4,3,7,+5,78,0.18,3,6,1,1,0,0,0,0,23,17.4,9:44,60.0
Craig Cunningham,2014-15,"BOS,ARI",R,L,51,3,4,7,-7,4,0.14,2,6,0,0,1,1,0,0,54,5.6,10:28,50.7
Damien Brunner,2014-15,NJD,R,R,17,2,5,7,-1,8,0.41,2,3,0,4,0,0,0,0,29,6.9,15:09,50.0
Derrick Pouliot,2014-15,PIT,L,D,34,2,5,7,-11,4,0.21,1,3,1,4,0,0,0,2,56,3.6,17:33,--
Nikita Nesterov,2014-15,TBL,L,D,27,2,5,7,+6,16,0.26,1,5,1,2,0,0,0,0,44,4.6,16:03,--
Kevan Miller,2014-15,BOS,R,D,41,2,5,7,+20,15,0.17,2,7,0,0,0,0,0,1,37,5.4,18:02,--
Tye McGinn,2014-15,"SJS,ARI",L,L,51,2,5,7,0,21,0.14,2,7,0,0,0,0,0,0,60,3.3,10:06,50.0
Nate Prosser,2014-15,MIN,R,D,63,2,5,7,-1,32,0.11,2,7,0,0,0,0,0,1,38,5.3,12:48,--
Tim Erixon,2014-15,"CBJ,CHI,TOR",L,D,42,2,5,7,-7,14,0.17,1,2,1,5,0,0,0,0,36,5.6,15:13,--
Brian Strait,2014-15,NYI,L,D,52,2,5,7,-1,32,0.13,2,6,0,0,0,1,0,0,59,3.4,18:22,0.0
Marc-Andre Cliche,2014-15,COL,R,C,74,2,5,7,-2,17,0.09,2,7,0,0,0,0,0,0,68,2.9,10:36,51.3
Scott Hannan,2014-15,SJS,L,D,58,2,5,7,0,26,0.12,2,7,0,0,0,0,0,0,53,3.8,16:19,--
Anthony Duclair,2014-15,NYR,L,L,18,1,6,7,+4,4,0.39,1,6,0,1,0,0,0,0,18,5.6,12:09,--
Nicholas Shore,2014-15,LAK,R,C,34,1,6,7,0,10,0.21,1,6,0,1,0,0,0,0,33,3.0,11:05,53.8
Mark Barberio,2014-15,TBL,L,D,52,1,6,7,-4,16,0.13,1,7,0,0,0,0,0,0,53,1.9,16:47,--
Mike Weber,2014-15,BUF,L,D,64,1,6,7,-22,68,0.11,1,6,0,0,0,1,0,0,41,2.4,18:45,--
Adam McQuaid,2014-15,BOS,R,D,63,1,6,7,-2,85,0.11,1,7,0,0,0,0,0,0,60,1.7,18:26,0.0
Craig Adams,2014-15,PIT,R,R,70,1,6,7,-1,44,0.10,1,6,0,0,0,1,0,1,51,2.0,9:45,42.5
Stephane Robidas,2014-15,TOR,R,D,52,1,6,7,+8,34,0.13,1,6,0,0,0,1,0,0,34,2.9,17:04,--
Anton Volchenkov,2014-15,NSH,L,D,46,0,7,7,+4,14,0.15,0,7,0,0,0,0,0,0,35,0.0,13:11,--
Jacob de la Rose,2014-15,MTL,L,L,33,4,2,6,-5,12,0.18,3,5,0,0,1,1,0,0,38,10.5,13:48,40.0
Jamie McGinn,2014-15,COL,L,L,19,4,2,6,-9,6,0.32,3,5,1,1,0,0,0,0,36,11.1,14:46,100.0
Mikhail Grigorenko,2014-15,BUF,L,C,25,3,3,6,-10,2,0.24,2,4,1,2,0,0,0,0,35,8.6,15:10,46.2
Zach Boychuk,2014-15,CAR,L,L,31,3,3,6,0,4,0.19,3,6,0,0,0,0,0,0,35,8.6,10:38,--
B.J. Crombeen,2014-15,ARI,R,R,58,3,3,6,-6,79,0.10,3,6,0,0,0,0,0,0,43,7.0,8:06,100.0
Michal Jordan,2014-15,CAR,L,D,38,2,4,6,-7,4,0.16,0,4,2,2,0,0,0,0,44,4.6,15:57,--
Paul Postma,2014-15,WPG,R,D,42,2,4,6,+1,16,0.14,0,4,2,2,0,0,0,0,40,5.0,14:08,--
Scott Laughton,2014-15,PHI,L,C,31,2,4,6,-1,17,0.19,2,5,0,1,0,0,0,0,51,3.9,12:43,47.4
Sven Baertschi,2014-15,"CGY,VAN",L,L,18,2,4,6,-3,10,0.33,2,6,0,0,0,0,0,0,15,13.3,9:41,--
Jeremy Morin,2014-15,"CHI,CBJ",R,L,43,2,4,6,+1,28,0.14,2,6,0,0,0,0,0,0,73,2.7,10:12,40.0
Andrew Miller,2014-15,EDM,R,C,9,1,5,6,-2,0,0.67,1,6,0,0,0,0,0,0,14,7.1,13:45,50.0
Zac Rinaldo,2014-15,PHI,L,C,58,1,5,6,-9,102,0.10,1,6,0,0,0,0,0,0,45,2.2,8:55,33.3
Andrew Ebbett,2014-15,PIT,L,C,24,1,5,6,+1,2,0.25,1,6,0,0,0,0,0,0,21,4.8,9:00,45.4
Tanner Glass,2014-15,NYR,L,L,66,1,5,6,-12,98,0.09,1,6,0,0,0,0,0,0,53,1.9,10:15,33.3
Michael Latta,2014-15,WSH,R,C,53,0,6,6,+4,68,0.11,0,6,0,0,0,0,0,0,24,0.0,8:23,47.8
Korbinian Holzer,2014-15,TOR,R,D,34,0,6,6,+3,25,0.18,0,6,0,0,0,0,0,0,32,0.0,17:06,--
Josh Gorges,2014-15,BUF,L,D,46,0,6,6,-28,16,0.13,0,5,0,0,0,1,0,0,28,0.0,22:22,--
Curtis McKenzie,2014-15,DAL,L,L,36,4,1,5,-8,48,0.14,4,5,0,0,0,0,0,0,41,9.8,11:32,37.5
William Karlsson,2014-15,"ANA,CBJ",L,C,21,3,2,5,+3,2,0.24,3,4,0,1,0,0,0,1,29,10.3,12:14,47.2
Michael Bournival,2014-15,MTL,L,L,29,3,2,5,+3,4,0.17,3,5,0,0,0,0,0,1,27,11.1,7:53,80.0
Phil Varone,2014-15,BUF,L,C,28,3,2,5,-14,10,0.18,3,5,0,0,0,0,0,0,28,10.7,13:27,45.1
Peter Harrold,2014-15,NJD,R,D,43,3,2,5,-10,4,0.12,3,5,0,0,0,0,0,0,31,9.7,15:15,--
Lucas Lessio,2014-15,ARI,L,L,26,2,3,5,-10,8,0.19,2,5,0,0,0,0,0,0,44,4.6,12:45,0.0
Micheal Ferland,2014-15,CGY,L,L,26,2,3,5,+1,16,0.19,2,4,0,1,0,0,0,1,34,5.9,10:31,--
Radko Gudas,2014-15,TBL,R,D,31,2,3,5,-5,34,0.16,2,5,0,0,0,0,0,1,63,3.2,17:00,--
Trevor Smith,2014-15,TOR,L,C,54,2,3,5,-9,12,0.09,2,5,0,0,0,0,0,0,46,4.4,11:04,52.2
Zach Trotman,2014-15,BOS,R,D,27,1,4,5,-2,0,0.19,1,5,0,0,0,0,0,1,46,2.2,16:24,--
Michael Chaput,2014-15,CBJ,L,C,33,1,4,5,-8,21,0.15,1,5,0,0,0,0,0,0,23,4.4,10:12,48.6
Martin Marincin,2014-15,EDM,L,D,41,1,4,5,-4,16,0.12,1,5,0,0,0,0,0,0,38,2.6,18:39,100.0
Brandon Bollig,2014-15,CGY,L,L,62,1,4,5,-9,88,0.08,1,5,0,0,0,0,0,0,67,1.5,8:36,60.0
Jared Boll,2014-15,CBJ,R,R,72,1,4,5,-13,109,0.07,1,5,0,0,0,0,0,0,28,3.6,7:16,0.0
Shawn Thornton,2014-15,FLA,R,L,46,1,4,5,-13,50,0.11,1,5,0,0,0,0,0,0,53,1.9,9:35,25.0
Brian Gibbons,2014-15,CBJ,L,C,25,0,5,5,+2,8,0.20,0,4,0,1,0,0,0,0,21,0.0,13:49,44.4
Jack Hillen,2014-15,"WSH,CAR",L,D,38,0,5,5,-1,10,0.13,0,5,0,0,0,0,0,0,24,0.0,12:52,--
Tyson Strachan,2014-15,BUF,R,D,46,0,5,5,-30,44,0.11,0,4,0,0,0,1,0,0,38,0.0,18:59,--
John Scott,2014-15,SJS,L,L,38,3,1,4,0,87,0.11,3,4,0,0,0,0,0,0,19,15.8,7:27,--
Simon Gagne,2014-15,BOS,L,L,23,3,1,4,0,4,0.17,3,4,0,0,0,0,0,1,27,11.1,11:18,11.1
Raphael Diaz,2014-15,CGY,R,D,56,2,2,4,-3,10,0.07,1,3,1,1,0,0,0,1,52,3.9,12:01,--
Brandon Gormley,2014-15,ARI,L,D,27,2,2,4,-7,10,0.15,1,3,1,1,0,0,0,0,39,5.1,15:19,--
Brandon Kozun,2014-15,TOR,R,R,20,2,2,4,-3,6,0.20,2,4,0,0,0,0,0,0,8,25.0,7:55,50.0
Steven Kampfer,2014-15,FLA,R,D,25,2,2,4,-4,12,0.16,2,3,0,1,0,0,0,1,28,7.1,17:12,--
Steven Pinizzotto,2014-15,EDM,R,R,18,2,2,4,+1,30,0.22,2,4,0,0,0,0,0,0,15,13.3,7:56,--
Jesse Joensuu,2014-15,EDM,L,L,20,2,2,4,-8,14,0.20,1,3,0,0,1,1,0,0,18,11.1,10:38,--
Mirco Mueller,2014-15,SJS,L,D,39,1,3,4,-8,10,0.10,1,4,0,0,0,0,0,0,31,3.2,16:58,--
Nate Schmidt,2014-15,WSH,L,D,39,1,3,4,-2,10,0.10,1,4,0,0,0,0,0,0,40,2.5,13:53,--
Adam Clendening,2014-15,"CHI,VAN",R,D,21,1,3,4,+2,10,0.19,0,1,1,3,0,0,0,0,17,5.9,16:38,--
Klas Dahlbeck,2014-15,"CHI,ARI",L,D,23,1,3,4,-8,8,0.17,1,4,0,0,0,0,0,0,20,5.0,17:40,--
Zach Sill,2014-15,"PIT,TOR",L,C,63,1,3,4,-5,84,0.06,1,4,0,0,0,0,0,0,43,2.3,8:23,49.5
Brandon McMillan,2014-15,"ARI,VAN",L,L,58,1,3,4,-19,16,0.07,1,4,0,0,0,0,0,0,51,2.0,10:28,43.5
David Schlemko,2014-15,"ARI,DAL,CGY",L,D,44,1,3,4,+1,12,0.09,1,2,0,2,0,0,0,0,45,2.2,15:20,--
Ryane Clowe,2014-15,NJD,L,L,13,1,3,4,-1,4,0.31,1,4,0,0,0,0,0,0,15,6.7,15:40,0.0
Cody McCormick,2014-15,BUF,R,C,33,1,3,4,-9,40,0.12,0,3,0,0,1,1,0,0,31,3.2,11:43,50.0
Jordan Leopold,2014-15,"STL,CBJ,MIN",L,D,43,1,3,4,-6,19,0.09,0,3,1,1,0,0,0,0,39,2.6,14:55,--
Manny Malhotra,2014-15,MTL,L,C,58,1,3,4,-6,12,0.07,1,4,0,0,0,0,0,1,46,2.2,10:51,59.3
Taylor Fedun,2014-15,SJS,R,D,7,0,4,4,0,4,0.57,0,2,0,2,0,0,0,0,12,0.0,16:59,--
Matt Bartkowski,2014-15,BOS,L,D,47,0,4,4,-6,37,0.09,0,4,0,0,0,0,0,0,67,0.0,16:56,--
Mark Fraser,2014-15,NJD,L,D,34,0,4,4,+2,55,0.12,0,3,0,0,0,1,0,0,19,0.0,16:17,--
Grant Clitsome,2014-15,WPG,L,D,24,0,4,4,+4,8,0.17,0,4,0,0,0,0,0,0,22,0.0,16:22,--
Mike Weaver,2014-15,MTL,R,D,31,0,4,4,0,6,0.13,0,4,0,0,0,0,0,0,8,0.0,14:10,--
Sven Andrighetto,2014-15,MTL,L,R,12,2,1,3,0,0,0.25,2,3,0,0,0,0,0,0,12,16.7,9:25,20.0
Petteri Lindbohm,2014-15,STL,L,D,23,2,1,3,-1,26,0.13,2,3,0,0,0,0,0,0,32,6.3,15:34,--
Matt Puempel,2014-15,OTT,L,L,13,2,1,3,+6,8,0.23,2,3,0,0,0,0,0,0,14,14.3,8:02,0.0
Xavier Ouellet,2014-15,DET,L,D,21,2,1,3,+4,2,0.14,2,3,0,0,0,0,0,0,27,7.4,16:23,--
Andy Andreoff,2014-15,LAK,L,C,18,2,1,3,+1,18,0.17,2,3,0,0,0,0,0,1,14,14.3,8:34,52.5
Mark Pysyk,2014-15,BUF,R,D,7,2,1,3,+4,2,0.43,2,3,0,0,0,0,0,1,4,50.0,18:11,--
Zack Smith,2014-15,OTT,L,C,37,2,1,3,-8,18,0.08,2,3,0,0,0,0,0,0,38,5.3,12:02,44.6
Luke Gazdic,2014-15,EDM,L,L,40,2,1,3,-4,43,0.08,2,3,0,0,0,0,0,0,26,7.7,7:23,--
Ryan Murray,2014-15,CBJ,L,D,12,1,2,3,+1,8,0.25,0,2,1,1,0,0,0,0,8,12.5,18:55,--
Brad Hunt,2014-15,EDM,L,D,11,1,2,3,-6,0,0.27,0,2,1,1,0,0,0,0,20,5.0,19:29,--
Iiro Pakarinen,2014-15,EDM,R,R,17,1,2,3,-4,2,0.18,1,1,0,2,0,0,0,0,34,2.9,10:08,100.0
Cory Conacher,2014-15,NYI,L,C,15,1,2,3,-3,14,0.20,1,3,0,0,0,0,0,0,23,4.4,13:29,33.3
Drew Shore,2014-15,CGY,R,C,11,1,2,3,-5,0,0.27,1,3,0,0,0,0,0,0,13,7.7,10:40,49.2
Zac Dalpe,2014-15,BUF,R,C,21,1,2,3,-11,4,0.14,1,3,0,0,0,0,0,0,29,3.5,9:17,60.6
Adam Burish,2014-15,SJS,R,R,20,1,2,3,-6,33,0.15,1,3,0,0,0,0,0,0,22,4.6,11:09,53.3
Kerby Rychel,2014-15,CBJ,L,L,5,0,3,3,+3,2,0.60,0,3,0,0,0,0,0,0,4,0.0,10:42,--
Stuart Percy,2014-15,TOR,L,D,9,0,3,3,-4,2,0.33,0,1,0,2,0,0,0,0,13,0.0,18:05,--
Josh Manson,2014-15,ANA,R,D,28,0,3,3,+1,31,0.11,0,3,0,0,0,0,0,0,26,0.0,18:26,--
Joakim Nordstrom,2014-15,CHI,L,C,38,0,3,3,-5,4,0.08,0,3,0,0,0,0,0,0,42,0.0,10:58,20.0
Alexander Petrovic,2014-15,FLA,R,D,33,0,3,3,-4,34,0.09,0,3,0,0,0,0,0,0,29,0.0,16:16,--
Patrik Nemeth,2014-15,DAL,L,D,22,0,3,3,0,6,0.14,0,3,0,0,0,0,0,0,16,0.0,16:13,--
Brandon Manning,2014-15,PHI,L,D,11,0,3,3,+3,7,0.27,0,3,0,0,0,0,0,0,10,0.0,17:10,--
Matt Donovan,2014-15,NYI,L,D,12,0,3,3,+4,0,0.25,0,3,0,0,0,0,0,0,12,0.0,17:34,--
Chris Summers,2014-15,"ARI,NYR",L,D,20,0,3,3,-12,8,0.15,0,3,0,0,0,0,0,0,15,0.0,14:15,--
Brett Sutter,2014-15,MIN,L,L,6,0,3,3,+1,4,0.50,0,3,0,0,0,0,0,0,6,0.0,9:19,--
Patrick Kaleta,2014-15,BUF,R,R,42,0,3,3,-11,36,0.07,0,2,0,0,0,1,0,0,25,0.0,8:52,37.5
Chris Phillips,2014-15,OTT,L,D,36,0,3,3,0,14,0.08,0,2,0,1,0,0,0,0,29,0.0,20:54,--
Tyler Pitlick,2014-15,EDM,R,C,17,2,0,2,-3,4,0.12,2,2,0,0,0,0,0,1,18,11.1,12:27,55.6
Eric Boulton,2014-15,NYI,L,L,10,2,0,2,-1,30,0.20,2,2,0,0,0,0,0,0,9,22.2,7:12,--
Borna Rendulic,2014-15,COL,R,R,11,1,1,2,+1,6,0.18,1,2,0,0,0,0,0,0,6,16.7,9:24,--
Tim Schaller,2014-15,BUF,L,L,18,1,1,2,-5,2,0.11,1,2,0,0,0,0,0,0,19,5.3,11:21,39.8
Liam O'Brien,2014-15,WSH,L,C,13,1,1,2,+4,23,0.15,1,2,0,0,0,0,0,0,16,6.3,7:33,50.0
Alexey Marchenko,2014-15,DET,R,D,13,1,1,2,+1,2,0.15,1,2,0,0,0,0,0,0,7,14.3,15:26,--
Kael Mouillierat,2014-15,NYI,L,L,6,1,1,2,-3,8,0.33,1,2,0,0,0,0,0,0,1,100.0,8:41,47.1
Sam Carrick,2014-15,TOR,R,C,16,1,1,2,+1,9,0.13,1,2,0,0,0,0,0,0,17,5.9,6:29,41.8
Bryan Rust,2014-15,PIT,R,R,14,1,1,2,-3,4,0.14,1,2,0,0,0,0,0,0,34,2.9,12:02,--
Joey Hishon,2014-15,COL,L,C,13,1,1,2,-1,0,0.15,1,2,0,0,0,0,0,1,19,5.3,10:07,44.9
Chris Mueller,2014-15,NYR,R,C,7,1,1,2,-1,0,0.29,0,1,1,1,0,0,0,0,10,10.0,10:27,59.4
Anthony Peluso,2014-15,WPG,R,R,49,1,1,2,-3,86,0.04,1,2,0,0,0,0,0,0,23,4.4,5:53,0.0
Justin Falk,2014-15,"MIN,CBJ",L,D,18,1,1,2,-9,14,0.11,1,2,0,0,0,0,0,0,18,5.6,10:49,--
Ryan Hamilton,2014-15,EDM,L,L,16,1,1,2,-8,6,0.13,0,1,1,1,0,0,0,0,12,8.3,13:13,25.0
Chris Porter,2014-15,STL,L,L,24,1,1,2,-3,6,0.08,1,2,0,0,0,0,0,1,24,4.2,9:33,44.4
Matt Ellis,2014-15,BUF,L,L,39,1,1,2,-12,4,0.05,1,2,0,0,0,0,0,1,29,3.5,8:19,48.8
Stephane Veilleux,2014-15,MIN,L,L,12,1,1,2,0,10,0.17,1,2,0,0,0,0,0,1,9,11.1,7:42,0.0
Daniel Cleary,2014-15,DET,L,R,17,1,1,2,-4,6,0.12,1,2,0,0,0,0,0,0,17,5.9,9:08,50.0
Tim Sestito,2014-15,NJD,L,L,15,0,2,2,-1,33,0.13,0,2,0,0,0,0,0,0,10,0.0,9:53,45.3
Bryan Allen,2014-15,"ANA,MTL",L,D,11,0,2,2,-2,6,0.18,0,2,0,0,0,0,0,0,6,0.0,15:43,--
Bryce Salvador,2014-15,NJD,L,D,15,0,2,2,-5,20,0.13,0,2,0,0,0,0,0,0,13,0.0,18:30,--
Ty Rattie,2014-15,STL,R,R,11,0,2,2,0,2,0.18,0,2,0,0,0,0,0,0,8,0.0,9:06,--
David Musil,2014-15,EDM,L,D,4,0,2,2,-2,2,0.50,0,2,0,0,0,0,0,0,3,0.0,19:48,--
Jarred Tinordi,2014-15,MTL,L,D,13,0,2,2,-5,19,0.15,0,2,0,0,0,0,0,0,5,0.0,12:04,--
Danny Biega,2014-15,CAR,R,D,10,0,2,2,-5,0,0.20,0,2,0,0,0,0,0,0,7,0.0,16:09,--
Petr Straka,2014-15,PHI,L,R,3,0,2,2,+1,0,0.67,0,2,0,0,0,0,0,0,2,0.0,9:27,--
Seth Helgeson,2014-15,NJD,L,D,22,0,2,2,+4,18,0.09,0,2,0,0,0,0,0,0,11,0.0,13:28,--
Brian Lashoff,2014-15,DET,L,D,11,0,2,2,+4,6,0.18,0,2,0,0,0,0,0,0,7,0.0,13:17,--
Andrew MacWilliam,2014-15,TOR,L,D,12,0,2,2,-6,12,0.17,0,2,0,0,0,0,0,0,5,0.0,15:24,0.0
Sean Collins,2014-15,CBJ,L,C,8,0,2,2,0,2,0.25,0,2,0,0,0,0,0,0,4,0.0,10:20,40.0
Slava Voynov,2014-15,LAK,R,D,6,0,2,2,0,2,0.33,0,0,0,1,0,1,0,0,5,0.0,23:11,--
Casey Bailey,2014-15,TOR,R,R,6,1,0,1,+1,2,0.17,1,1,0,0,0,0,0,0,9,11.1,9:02,--
Stefan Matteau,2014-15,NJD,L,C,7,1,0,1,0,4,0.14,1,1,0,0,0,0,0,0,8,12.5,11:52,--
Jonathan Marchessault,2014-15,TBL,R,R,2,1,0,1,+1,0,0.50,1,1,0,0,0,0,0,0,3,33.3,11:57,33.3
Joe Morrow,2014-15,BOS,L,D,15,1,0,1,+3,4,0.07,1,1,0,0,0,0,0,0,20,5.0,16:41,--
Miikka Salomaki,2014-15,NSH,L,R,1,1,0,1,+1,0,1.00,1,1,0,0,0,0,0,0,4,25.0,10:49,--
Rocco Grimaldi,2014-15,FLA,R,R,7,1,0,1,+1,4,0.14,1,1,0,0,0,0,0,0,18,5.6,12:37,42.9
Reid Boucher,2014-15,NJD,L,C,11,1,0,1,-4,0,0.09,1,1,0,0,0,0,0,0,20,5.0,11:08,--
Josh Leivo,2014-15,TOR,R,L,9,1,0,1,-1,4,0.11,1,1,0,0,0,0,0,0,10,10.0,7:39,0.0
Frank Corrado,2014-15,VAN,R,D,10,1,0,1,-7,0,0.10,1,1,0,0,0,0,0,0,8,12.5,15:40,--
Joe Whitney,2014-15,NJD,L,R,4,1,0,1,-1,0,0.25,1,1,0,0,0,0,0,0,1,100.0,6:53,--
Freddie Hamilton,2014-15,"SJS,COL",R,C,18,1,0,1,-2,0,0.06,1,1,0,0,0,0,0,1,11,9.1,7:35,39.3
Brandon Davidson,2014-15,EDM,L,D,12,1,0,1,-5,0,0.08,1,1,0,0,0,0,0,0,7,14.3,15:08,--
Stanislav Galiev,2014-15,WSH,R,R,2,1,0,1,+1,0,0.50,1,1,0,0,0,0,0,0,2,50.0,9:23,--
Christian Thomas,2014-15,MTL,R,L,18,1,0,1,-2,7,0.06,1,1,0,0,0,0,0,0,26,3.9,9:06,0.0
Jordan Szwarz,2014-15,ARI,R,C,9,1,0,1,-2,2,0.11,1,1,0,0,0,0,0,0,8,12.5,13:28,--
Brian Dumoulin,2014-15,PIT,L,D,8,1,0,1,0,2,0.13,1,1,0,0,0,0,0,0,4,25.0,15:40,--
Chris Brown,2014-15,WSH,R,R,5,1,0,1,+1,2,0.20,1,1,0,0,0,0,0,0,4,25.0,6:28,33.3
Landon Ferraro,2014-15,DET,R,C,3,1,0,1,+1,0,0.33,1,1,0,0,0,0,0,1,4,25.0,11:59,--
Justin Hodgman,2014-15,ARI,R,C,5,1,0,1,-2,2,0.20,0,0,1,1,0,0,0,0,3,33.3,11:24,54.4
Bryan Lerg,2014-15,SJS,L,C,2,1,0,1,-1,0,0.50,1,1,0,0,0,0,0,1,8,12.5,12:36,100.0
TJ Galiardi,2014-15,WPG,L,L,38,1,0,1,-8,2,0.03,1,1,0,0,0,0,0,0,35,2.9,10:28,18.2
Alex Biega,2014-15,VAN,R,D,7,1,0,1,-2,0,0.14,1,1,0,0,0,0,0,1,7,14.3,15:48,--
Colin Greening,2014-15,OTT,L,C,26,1,0,1,-5,29,0.04,1,1,0,0,0,0,0,0,39,2.6,9:49,66.7
Sam Bennett,2014-15,CGY,L,C,1,0,1,1,-1,0,1.00,0,1,0,0,0,0,0,0,1,0.0,16:00,16.7
Sam Reinhart,2014-15,BUF,R,C,9,0,1,1,-1,2,0.11,0,1,0,0,0,0,0,0,3,0.0,10:22,24.4
Jordan Oesterle,2014-15,EDM,L,D,6,0,1,1,-4,0,0.17,0,1,0,0,0,0,0,0,7,0.0,14:42,--
Trevor van Riemsdyk,2014-15,CHI,R,D,18,0,1,1,0,2,0.06,0,1,0,0,0,0,0,0,21,0.0,13:32,--
Valeri Nichushkin,2014-15,DAL,L,R,8,0,1,1,-5,2,0.13,0,1,0,0,0,0,0,0,6,0.0,13:46,--
Emile Poirier,2014-15,CGY,L,L,6,0,1,1,+1,0,0.17,0,1,0,0,0,0,0,0,2,0.0,7:59,0.0
Andrew Copp,2014-15,WPG,L,C,1,0,1,1,+2,0,1.00,0,1,0,0,0,0,0,0,4,0.0,13:16,66.7
Chad Ruhwedel,2014-15,BUF,R,D,4,0,1,1,+3,0,0.25,0,1,0,0,0,0,0,0,4,0.0,12:28,--
Jayson Megna,2014-15,PIT,R,C,12,0,1,1,-2,14,0.08,0,1,0,0,0,0,0,0,13,0.0,11:02,--
Josh Anderson,2014-15,CBJ,R,R,6,0,1,1,-1,2,0.17,0,1,0,0,0,0,0,0,10,0.0,13:27,--
Jordan Martinook,2014-15,ARI,L,L,8,0,1,1,-3,0,0.13,0,1,0,0,0,0,0,0,8,0.0,11:42,100.0
Griffin Reinhart,2014-15,NYI,L,D,8,0,1,1,+1,6,0.13,0,1,0,0,0,0,0,0,4,0.0,14:10,--
Daniil Tarasov,2014-15,SJS,L,R,5,0,1,1,+2,0,0.20,0,1,0,0,0,0,0,0,5,0.0,7:34,100.0
Michael Paliotta,2014-15,CHI,R,D,1,0,1,1,0,0,1.00,0,1,0,0,0,0,0,0,2,0.0,12:45,--
Shane Prince,2014-15,OTT,L,L,2,0,1,1,+1,0,0.50,0,1,0,0,0,0,0,0,2,0.0,10:29,--
Brian Ferlin,2014-15,BOS,R,R,7,0,1,1,0,0,0.14,0,1,0,0,0,0,0,0,6,0.0,8:48,0.0
Mike Sislo,2014-15,NJD,R,R,10,0,1,1,-2,2,0.10,0,1,0,0,0,0,0,0,13,0.0,12:13,--
Brendan Shinnimin,2014-15,ARI,L,C,12,0,1,1,-1,8,0.08,0,1,0,0,0,0,0,0,10,0.0,11:02,41.6
Michael Sgarbossa,2014-15,COL,L,C,3,0,1,1,0,10,0.33,0,1,0,0,0,0,0,0,2,0.0,7:06,45.0
Andrew Agozzino,2014-15,COL,L,L,1,0,1,1,+1,0,1.00,0,1,0,0,0,0,0,0,1,0.0,9:45,0.0
Tomas Vincour,2014-15,COL,R,C,7,0,1,1,-1,2,0.14,0,1,0,0,0,0,0,0,2,0.0,7:10,--
Magnus Paajarvi,2014-15,STL,L,L,10,0,1,1,-2,6,0.10,0,0,0,1,0,0,0,0,9,0.0,9:48,100.0
Mat Clark,2014-15,ANA,R,D,7,0,1,1,+2,6,0.14,0,1,0,0,0,0,0,0,2,0.0,12:46,--
Stu Bickel,2014-15,MIN,R,D,9,0,1,1,+1,46,0.11,0,1,0,0,0,0,0,0,3,0.0,5:26,--
David Warsofsky,2014-15,BOS,L,D,4,0,1,1,+1,0,0.25,0,1,0,0,0,0,0,0,7,0.0,17:46,--
Andrew Campbell,2014-15,ARI,L,D,33,0,1,1,-13,10,0.03,0,1,0,0,0,0,0,0,28,0.0,17:32,--
Colby Robak,2014-15,"FLA,ANA",L,D,12,0,1,1,+2,2,0.08,0,1,0,0,0,0,0,0,8,0.0,13:55,--
Eric O'Dell,2014-15,WPG,R,C,11,0,1,1,0,19,0.09,0,1,0,0,0,0,0,0,6,0.0,7:26,43.9
Michael Kostka,2014-15,NYR,R,D,7,0,1,1,+1,0,0.14,0,1,0,0,0,0,0,0,7,0.0,15:23,--
Keaton Ellerby,2014-15,WPG,L,D,1,0,1,1,-1,0,1.00,0,1,0,0,0,0,0,0,0,--,16:58,--
Jonathon Blum,2014-15,MIN,R,D,4,0,1,1,-3,2,0.25,0,1,0,0,0,0,0,0,3,0.0,9:52,--
TJ Brennan,2014-15,TOR,L,D,6,0,1,1,-7,9,0.17,0,0,0,1,0,0,0,0,11,0.0,16:49,--
Keith Aulie,2014-15,EDM,L,D,31,0,1,1,-3,71,0.03,0,1,0,0,0,0,0,0,25,0.0,14:18,--
Paul Carey,2014-15,COL,L,C,10,0,1,1,+2,0,0.10,0,1,0,0,0,0,0,0,5,0.0,7:53,0.0
Fr√©d√©ric St-Denis,2014-15,CBJ,L,D,4,0,1,1,-1,0,0.25,0,1,0,0,0,0,0,0,2,0.0,13:18,--
Tom Sestito,2014-15,VAN,L,L,3,0,1,1,+1,7,0.33,0,1,0,0,0,0,0,0,1,0.0,6:14,--
Adam Cracknell,2014-15,CBJ,R,R,17,0,1,1,-8,2,0.06,0,1,0,0,0,0,0,0,17,0.0,9:57,34.5
Peter Regin,2014-15,CHI,L,C,4,0,1,1,+1,0,0.25,0,1,0,0,0,0,0,0,3,0.0,8:20,50.0
Jeff Schultz,2014-15,LAK,L,D,9,0,1,1,+1,4,0.11,0,1,0,0,0,0,0,0,7,0.0,16:45,--
Ladislav Smid,2014-15,CGY,L,D,31,0,1,1,-12,13,0.03,0,1,0,0,0,0,0,0,21,0.0,13:58,--
Shane O'Brien,2014-15,FLA,L,D,9,0,1,1,-4,5,0.11,0,1,0,0,0,0,0,0,4,0.0,13:29,--
Keith Ballard,2014-15,MIN,L,D,14,0,1,1,-3,26,0.07,0,1,0,0,0,0,0,0,5,0.0,12:03,--
Chris Conner,2014-15,WSH,L,R,2,0,0,0,+1,4,0.00,0,0,0,0,0,0,0,0,3,0.0,8:49,--
Bobby Robins,2014-15,BOS,R,R,3,0,0,0,0,14,0.00,0,0,0,0,0,0,0,0,0,--,7:35,--
Mike Angelidis,2014-15,TBL,L,L,3,0,0,0,0,12,0.00,0,0,0,0,0,0,0,0,0,--,7:21,36.8
Kyle Cumiskey,2014-15,CHI,L,D,7,0,0,0,-1,0,0.00,0,0,0,0,0,0,0,0,5,0.0,13:18,--
Blair Jones,2014-15,PHI,R,C,4,0,0,0,-4,2,0.00,0,0,0,0,0,0,0,0,0,--,6:55,50.0
Rich Clune,2014-15,NSH,L,L,1,0,0,0,0,0,0.00,0,0,0,0,0,0,0,0,0,--,5:30,--
Taylor Chorney,2014-15,PIT,L,D,7,0,0,0,-1,0,0.00,0,0,0,0,0,0,0,0,4,0.0,12:10,--
Devin Setoguchi,2014-15,CGY,R,R,12,0,0,0,-7,4,0.00,0,0,0,0,0,0,0,0,12,0.0,12:09,50.0
Mike Blunden,2014-15,TBL,R,R,2,0,0,0,-1,2,0.00,0,0,0,0,0,0,0,0,0,--,9:47,--
Travis Morin,2014-15,DAL,L,C,6,0,0,0,+1,0,0.00,0,0,0,0,0,0,0,0,10,0.0,12:06,46.7
Mike Brown,2014-15,SJS,R,R,12,0,0,0,0,22,0.00,0,0,0,0,0,0,0,0,11,0.0,8:12,57.1
Patrick Bordeleau,2014-15,COL,L,L,1,0,0,0,0,0,0.00,0,0,0,0,0,0,0,0,0,--,6:46,--
Mark Fistric,2014-15,ANA,L,D,9,0,0,0,-3,4,0.00,0,0,0,0,0,0,0,0,1,0.0,14:47,--
Troy Bodie,2014-15,TOR,R,R,5,0,0,0,0,5,0.00,0,0,0,0,0,0,0,0,1,0.0,4:37,--
Dylan Reese,2014-15,ARI,R,D,1,0,0,0,-1,0,0.00,0,0,0,0,0,0,0,0,3,0.0,19:58,--
Alexandre Bolduc,2014-15,ARI,L,C,3,0,0,0,-1,2,0.00,0,0,0,0,0,0,0,0,3,0.0,10:40,52.6
Corey Potter,2014-15,CGY,R,D,6,0,0,0,-1,0,0.00,0,0,0,0,0,0,0,0,2,0.0,9:40,--
Colin Fraser,2014-15,STL,L,C,1,0,0,0,-1,0,0.00,0,0,0,0,0,0,0,0,1,0.0,4:42,--
David Van Der Gulik,2014-15,LAK,L,L,1,0,0,0,0,0,0.00,0,0,0,0,0,0,0,0,1,0.0,5:15,--
Ryan Craig,2014-15,CBJ,L,C,2,0,0,0,0,0,0.00,0,0,0,0,0,0,0,0,2,0.0,7:17,--
Colton Orr,2014-15,TOR,R,R,1,0,0,0,0,0,0.00,0,0,0,0,0,0,0,0,0,--,6:06,--
Dany Heatley,2014-15,ANA,L,L,6,0,0,0,-3,0,0.00,0,0,0,0,0,0,0,0,8,0.0,12:08,--
Ryan Malone,2014-15,NYR,L,L,6,0,0,0,-4,4,0.00,0,0,0,0,0,0,0,0,6,0.0,10:02,100.0
Brian McGrattan,2014-15,CGY,R,R,8,0,0,0,-2,4,0.00,0,0,0,0,0,0,0,0,10,0.0,6:38,--
Kimmo Timonen,2014-15,CHI,L,D,16,0,0,0,-3,2,0.00,0,0,0,0,0,0,0,0,10,0.0,11:59,--
Kyle Baun,2014-15,CHI,R,R,3,0,0,0,-1,0,0.00,0,0,0,0,0,0,0,0,4,0.0,12:32,--
Viktor Arvidsson,2014-15,NSH,R,R,6,0,0,0,0,0,0.00,0,0,0,0,0,0,0,0,9,0.0,10:15,--
Kevin Fiala,2014-15,NSH,L,L,1,0,0,0,-1,0,0.00,0,0,0,0,0,0,0,0,3,0.0,11:25,--
David Wolf,2014-15,CGY,L,L,3,0,0,0,0,2,0.00,0,0,0,0,0,0,0,0,1,0.0,9:23,50.0
Patrick Brown,2014-15,CAR,R,C,7,0,0,0,-4,4,0.00,0,0,0,0,0,0,0,0,4,0.0,8:53,0.0
Tyler Gaudet,2014-15,ARI,L,C,2,0,0,0,-1,0,0.00,0,0,0,0,0,0,0,0,1,0.0,9:35,52.9
Darnell Nurse,2014-15,EDM,L,D,2,0,0,0,-2,0,0.00,0,0,0,0,0,0,0,0,2,0.0,17:00,--
Ryan Hartman,2014-15,CHI,R,R,5,0,0,0,-1,2,0.00,0,0,0,0,0,0,0,0,8,0.0,8:17,--
Bogdan Yakimov,2014-15,EDM,L,C,1,0,0,0,-1,0,0.00,0,0,0,0,0,0,0,0,1,0.0,11:19,42.9
Matt Lindblad,2014-15,BOS,L,C,2,0,0,0,0,0,0.00,0,0,0,0,0,0,0,0,3,0.0,7:46,0.0
Eriah Hayes,2014-15,SJS,R,R,4,0,0,0,-2,2,0.00,0,0,0,0,0,0,0,0,10,0.0,9:58,100.0
Conor Allen,2014-15,NYR,L,D,4,0,0,0,-1,4,0.00,0,0,0,0,0,0,0,0,2,0.0,12:12,--
Raman Hrabarenka,2014-15,NJD,R,D,1,0,0,0,+1,0,0.00,0,0,0,0,0,0,0,0,0,--,11:55,--
Brett Kulak,2014-15,CGY,L,D,1,0,0,0,0,2,0.00,0,0,0,0,0,0,0,0,0,--,19:31,--
Brendan Woods,2014-15,CAR,L,L,2,0,0,0,-1,0,0.00,0,0,0,0,0,0,0,0,3,0.0,6:02,--
Jake McCabe,2014-15,BUF,L,D,2,0,0,0,0,0,0.00,0,0,0,0,0,0,0,0,2,0.0,11:08,--
Shayne Gostisbehere,2014-15,PHI,L,D,2,0,0,0,-2,0,0.00,0,0,0,0,0,0,0,0,2,0.0,12:34,--
Slater Koekkoek,2014-15,TBL,L,D,3,0,0,0,0,2,0.00,0,0,0,0,0,0,0,0,6,0.0,16:35,--
Henrik Samuelsson,2014-15,ARI,R,C,3,0,0,0,-2,2,0.00,0,0,0,0,0,0,0,0,4,0.0,13:16,100.0
Cameron Schilling,2014-15,WSH,L,D,4,0,0,0,+1,4,0.00,0,0,0,0,0,0,0,0,2,0.0,11:23,--
Karl Stollery,2014-15,"COL,SJS",L,D,10,0,0,0,-1,6,0.00,0,0,0,0,0,0,0,0,9,0.0,14:44,--
Bobby Farnham,2014-15,PIT,L,R,11,0,0,0,0,24,0.00,0,0,0,0,0,0,0,0,6,0.0,7:11,--
Colin Smith,2014-15,COL,R,C,1,0,0,0,0,0,0.00,0,0,0,0,0,0,0,0,1,0.0,6:06,40.0
Nicklas Jensen,2014-15,VAN,L,R,5,0,0,0,-1,0,0.00,0,0,0,0,0,0,0,0,7,0.0,9:33,--
Phillip Danault,2014-15,CHI,L,C,2,0,0,0,0,0,0.00,0,0,0,0,0,0,0,0,2,0.0,9:30,30.0
Stefan Noesen,2014-15,ANA,R,R,1,0,0,0,0,0,0.00,0,0,0,0,0,0,0,0,0,--,6:54,--
Joel Armia,2014-15,BUF,R,R,1,0,0,0,0,0,0.00,0,0,0,0,0,0,0,0,0,--,14:47,--
Duncan Siemens,2014-15,COL,L,D,1,0,0,0,0,0,0.00,0,0,0,0,0,0,0,0,0,--,14:00,--
Tyler Wotherspoon,2014-15,CGY,L,D,1,0,0,0,-3,0,0.00,0,0,0,0,0,0,0,0,1,0.0,20:19,--
Scott Harrington,2014-15,PIT,L,D,10,0,0,0,-10,4,0.00,0,0,0,0,0,0,0,0,9,0.0,15:48,--
Alex Khokhlachev,2014-15,BOS,L,C,3,0,0,0,-2,0,0.00,0,0,0,0,0,0,0,0,1,0.0,8:12,52.9
Keegan Lowe,2014-15,CAR,L,D,2,0,0,0,-2,10,0.00,0,0,0,0,0,0,0,0,0,--,13:51,--
Nick Cousins,2014-15,PHI,L,C,11,0,0,0,+1,2,0.00,0,0,0,0,0,0,0,0,6,0.0,8:49,44.2
Max Friberg,2014-15,ANA,R,R,1,0,0,0,0,0,0.00,0,0,0,0,0,0,0,0,0,--,8:47,--
Tyler Graovac,2014-15,MIN,L,C,3,0,0,0,0,0,0.00,0,0,0,0,0,0,0,0,4,0.0,9:13,27.3
Dominik Uher,2014-15,PIT,L,C,2,0,0,0,-1,0,0.00,0,0,0,0,0,0,0,0,0,--,6:28,--
Scott Wilson,2014-15,PIT,L,C,1,0,0,0,0,0,0.00,0,0,0,0,0,0,0,0,0,--,4:21,--
Brandon DeFazio,2014-15,VAN,L,L,2,0,0,0,0,0,0.00,0,0,0,0,0,0,0,0,2,0.0,5:57,--
Will Acton,2014-15,EDM,L,C,3,0,0,0,-2,5,0.00,0,0,0,0,0,0,0,0,2,0.0,10:43,50.0
Steve Oleksy,2014-15,WSH,R,D,1,0,0,0,-1,0,0.00,0,0,0,0,0,0,0,0,1,0.0,12:11,--
Harry Zolnierczyk,2014-15,NYI,L,L,2,0,0,0,-1,0,0.00,0,0,0,0,0,0,0,0,1,0.0,11:08,0.0
Ben Street,2014-15,COL,L,C,3,0,0,0,0,0,0.00,0,0,0,0,0,0,0,0,4,0.0,11:36,53.1
Brody Sutter,2014-15,CAR,R,C,4,0,0,0,-2,0,0.00,0,0,0,0,0,0,0,0,0,--,7:26,50.0
Jason Akeson,2014-15,PHI,R,R,13,0,0,0,-1,8,0.00,0,0,0,0,0,0,0,0,9,0.0,8:03,50.0
Brendan Ranford,2014-15,DAL,L,L,1,0,0,0,0,0,0.00,0,0,0,0,0,0,0,0,0,--,9:19,--
Anthony Bitetto,2014-15,NSH,L,D,7,0,0,0,-1,7,0.00,0,0,0,0,0,0,0,0,2,0.0,11:47,100.0
John Ramage,2014-15,CGY,R,D,1,0,0,0,-1,0,0.00,0,0,0,0,0,0,0,0,4,0.0,18:10,--
Justin Shugg,2014-15,CAR,R,R,3,0,0,0,0,2,0.00,0,0,0,0,0,0,0,0,3,0.0,5:42,--
Dylan McIlrath,2014-15,NYR,R,D,1,0,0,0,0,9,0.00,0,0,0,0,0,0,0,0,0,--,8:02,--
Chris Wagner,2014-15,ANA,R,R,9,0,0,0,-2,2,0.00,0,0,0,0,0,0,0,0,7,0.0,8:47,60.0
Petter Granberg,2014-15,TOR,R,D,7,0,0,0,+1,6,0.00,0,0,0,0,0,0,0,0,1,0.0,11:27,--
Greg McKegg,2014-15,TOR,L,C,3,0,0,0,0,0,0.00,0,0,0,0,0,0,0,0,1,0.0,9:11,51.5
Curtis Hamilton,2014-15,EDM,L,L,1,0,0,0,0,5,0.00,0,0,0,0,0,0,0,0,0,--,8:01,--
Max Reinhart,2014-15,CGY,L,C,4,0,0,0,-3,0,0.00,0,0,0,0,0,0,0,0,3,0.0,8:05,20.7
Mark Alt,2014-15,PHI,R,D,1,0,0,0,-1,0,0.00,0,0,0,0,0,0,0,0,0,--,9:25,--
Oscar Lindberg,2014-15,NYR,L,L,1,0,0,0,0,0,0.00,0,0,0,0,0,0,0,0,2,0.0,8:18,40.0
Aaron Volpatti,2014-15,WSH,L,L,2,0,0,0,0,0,0.00,0,0,0,0,0,0,0,0,1,0.0,9:37,--
Julien Brouillette,2014-15,WPG,L,D,1,0,0,0,0,0,0.00,0,0,0,0,0,0,0,0,0,--,9:33,--
Oliver Lauridsen,2014-15,PHI,L,D,1,0,0,0,-1,10,0.00,0,0,0,0,0,0,0,0,2,0.0,10:26,--
Jerry D'Amigo,2014-15,BUF,L,R,9,0,0,0,-4,2,0.00,0,0,0,0,0,0,0,0,7,0.0,9:44,--
Rasmus Rissanen,2014-15,CAR,L,D,6,0,0,0,-5,4,0.00,0,0,0,0,0,0,0,0,3,0.0,14:59,--
Corban Knight,2014-15,CGY,R,C,2,0,0,0,0,0,0.00,0,0,0,0,0,0,0,0,2,0.0,6:24,81.8
Gabriel Dumont,2014-15,MTL,R,C,3,0,0,0,-1,0,0.00,0,0,0,0,0,0,0,0,4,0.0,9:07,84.6
Garrett Wilson,2014-15,FLA,L,L,2,0,0,0,-2,0,0.00,0,0,0,0,0,0,0,0,5,0.0,8:51,--
Ryan Bourque,2014-15,NYR,L,C,1,0,0,0,-1,0,0.00,0,0,0,0,0,0,0,0,1,0.0,11:49,--
Stefan Elliott,2014-15,COL,R,D,5,0,0,0,-2,2,0.00,0,0,0,0,0,0,0,0,10,0.0,13:56,--
Jesse Blacker,2014-15,ANA,R,D,1,0,0,0,-2,0,0.00,0,0,0,0,0,0,0,0,0,--,6:03,--
Philip Samuelsson,2014-15,ARI,L,D,4,0,0,0,-3,0,0.00,0,0,0,0,0,0,0,0,4,0.0,16:53,--
Carl Klingberg,2014-15,WPG,R,L,2,0,0,0,-1,0,0.00,0,0,0,0,0,0,0,0,0,--,3:19,--
Carter Ashton,2014-15,TOR,L,R,7,0,0,0,-3,0,0.00,0,0,0,0,0,0,0,0,4,0.0,6:13,20.0
Jordan Caron,2014-15,"BOS,COL",L,R,30,0,0,0,-2,18,0.00,0,0,0,0,0,0,0,0,12,0.0,8:02,0.0
Luke Witkowski,2014-15,TBL,R,D,16,0,0,0,0,15,0.00,0,0,0,0,0,0,0,0,10,0.0,15:11,--
Greg Pateryn,2014-15,MTL,R,D,17,0,0,0,0,6,0.00,0,0,0,0,0,0,0,0,10,0.0,12:39,--
Patrice Cormier,2014-15,WPG,L,C,1,0,0,0,0,0,0.00,0,0,0,0,0,0,0,0,0,--,4:54,60.0
Luke Adam,2014-15,CBJ,L,C,3,0,0,0,0,4,0.00,0,0,0,0,0,0,0,0,0,--,6:27,--
Micheal Haley,2014-15,SJS,L,L,4,0,0,0,-1,11,0.00,0,0,0,0,0,0,0,0,1,0.0,7:31,100.0
Matt Frattin,2014-15,TOR,R,R,9,0,0,0,0,4,0.00,0,0,0,0,0,0,0,0,6,0.0,7:03,100.0
Drayson Bowman,2014-15,MTL,L,L,3,0,0,0,0,0,0.00,0,0,0,0,0,0,0,0,0,--,6:31,--
Dana Tyrell,2014-15,CBJ,L,C,3,0,0,0,-1,0,0.00,0,0,0,0,0,0,0,0,1,0.0,6:56,--
Eric Tangradi,2014-15,MTL,L,L,7,0,0,0,-3,17,0.00,0,0,0,0,0,0,0,0,5,0.0,7:44,100.0
Joe Piskula,2014-15,NSH,L,D,1,0,0,0,-1,2,0.00,0,0,0,0,0,0,0,0,0,--,16:27,--
Ryan Wilson,2014-15,COL,L,D,3,0,0,0,-3,0,0.00,0,0,0,0,0,0,0,0,3,0.0,11:12,--
